player,team,year,age,games,games_started,minutes,minutes_per_game
Bogdan Bogdanović,ATL,2021,,,,,
Clint Capela,ATL,2021,,,,,
John Collins,ATL,2021,,,,,
Kris Dunn,ATL,2021,,,,,
Bruno Fernando,ATL,2021,,,,,
Danilo Gallinari,ATL,2021,,,,,
Brandon Goodwin,ATL,2021,,,,,
Solomon Hill,ATL,2021,,,,,
Kevin Huerter,ATL,2021,,,,,
De'Andre Hunter,ATL,2021,,,,,
Nathan Knight,ATL,2021,,,,,
Skylar Mays,ATL,2021,,,,,
Onyeka Okongwu,ATL,2021,,,,,
Cam Reddish,ATL,2021,,,,,
Rajon Rondo,ATL,2021,,,,,
Tony Snell,ATL,2021,,,,,
Lou Williams,ATL,2021,,,,,
Trae Young,ATL,2021,,,,,
Jaylen Brown,BOS,2021,,,,,
Carsen Edwards,BOS,2021,,,,,
Tacko Fall,BOS,2021,,,,,
Evan Fournier,BOS,2021,,,,,
Javonte Green,BOS,2021,,,,,
Luke Kornet,BOS,2021,,,,,
Romeo Langford,BOS,2021,,,,,
Aaron Nesmith,BOS,2021,,,,,
Semi Ojeleye,BOS,2021,,,,,
Jabari Parker,BOS,2021,,,,,
Payton Pritchard,BOS,2021,,,,,
Marcus Smart,BOS,2021,,,,,
Jayson Tatum,BOS,2021,,,,,
Jeff Teague,BOS,2021,,,,,
Daniel Theis,BOS,2021,,,,,
Tristan Thompson,BOS,2021,,,,,
Moritz Wagner,BOS,2021,,,,,
Kemba Walker,BOS,2021,,,,,
Tremont Waters,BOS,2021,,,,,
Grant Williams,BOS,2021,,,,,
Robert Williams,BOS,2021,,,,,
LaMarcus Aldridge,BRK,2021,,,,,
Jarrett Allen,BRK,2021,,,,,
Bruce Brown,BRK,2021,,,,,
Chris Chiozza,BRK,2021,,,,,
Nic Claxton,BRK,2021,,,,,
Tyler Cook,BRK,2021,,,,,
Spencer Dinwiddie,BRK,2021,,,,,
Kevin Durant,BRK,2021,,,,,
Jeff Green,BRK,2021,,,,,
Blake Griffin,BRK,2021,,,,,
James Harden,BRK,2021,,,,,
Joe Harris,BRK,2021,,,,,
Kyrie Irving,BRK,2021,,,,,
Mike James,BRK,2021,,,,,
Alize Johnson,BRK,2021,,,,,
Tyler Johnson,BRK,2021,,,,,
DeAndre Jordan,BRK,2021,,,,,
Rodions Kurucs,BRK,2021,,,,,
Caris LeVert,BRK,2021,,,,,
Timothé Luwawu-Cabarrot,BRK,2021,,,,,
Norvel Pelle,BRK,2021,,,,,
Reggie Perry,BRK,2021,,,,,
Taurean Prince,BRK,2021,,,,,
Andre Roberson,BRK,2021,,,,,
Landry Shamet,BRK,2021,,,,,
Iman Shumpert,BRK,2021,,,,,
Noah Vonleh,BRK,2021,,,,,
LaMelo Ball,CHO,2021,,,,,
Bismack Biyombo,CHO,2021,,,,,
Miles Bridges,CHO,2021,,,,,
Vernon Carey Jr.,CHO,2021,,,,,
Nate Darling,CHO,2021,,,,,
Devonte' Graham,CHO,2021,,,,,
Gordon Hayward,CHO,2021,,,,,
Caleb Martin,CHO,2021,,,,,
Cody Martin,CHO,2021,,,,,
Jalen McDaniels,CHO,2021,,,,,
Malik Monk,CHO,2021,,,,,
Nick Richards,CHO,2021,,,,,
Grant Riller,CHO,2021,,,,,
Terry Rozier,CHO,2021,,,,,
Brad Wanamaker,CHO,2021,,,,,
P.J. Washington,CHO,2021,,,,,
Cody Zeller,CHO,2021,,,,,
Al-Farouq Aminu,CHI,2021,,,,,
Ryan Arcidiacono,CHI,2021,,,,,
Troy Brown Jr.,CHI,2021,,,,,
Wendell Carter Jr.,CHI,2021,,,,,
Devon Dotson,CHI,2021,,,,,
Cristiano Felício,CHI,2021,,,,,
Daniel Gafford,CHI,2021,,,,,
Javonte Green,CHI,2021,,,,,
Chandler Hutchison,CHI,2021,,,,,
Luke Kornet,CHI,2021,,,,,
Zach LaVine,CHI,2021,,,,,
Lauri Markkanen,CHI,2021,,,,,
Adam Mokoka,CHI,2021,,,,,
Otto Porter Jr.,CHI,2021,,,,,
Tomáš Satoranský,CHI,2021,,,,,
Garrett Temple,CHI,2021,,,,,
Daniel Theis,CHI,2021,,,,,
Denzel Valentine,CHI,2021,,,,,
Nikola Vučević,CHI,2021,,,,,
Coby White,CHI,2021,,,,,
Patrick Williams,CHI,2021,,,,,
Thaddeus Young,CHI,2021,,,,,
Jarrett Allen,CLE,2021,,,,,
Marques Bolden,CLE,2021,,,,,
Quinn Cook,CLE,2021,,,,,
Matthew Dellavedova,CLE,2021,,,,,
Damyean Dotson,CLE,2021,,,,,
Andre Drummond,CLE,2021,,,,,
Dante Exum,CLE,2021,,,,,
Yogi Ferrell,CLE,2021,,,,,
Darius Garland,CLE,2021,,,,,
Isaiah Hartenstein,CLE,2021,,,,,
Mfiondu Kabengele,CLE,2021,,,,,
Kevin Love,CLE,2021,,,,,
Thon Maker,CLE,2021,,,,,
Jeremiah Martin,CLE,2021,,,,,
JaVale McGee,CLE,2021,,,,,
Larry Nance Jr.,CLE,2021,,,,,
Isaac Okoro,CLE,2021,,,,,
Cedi Osman,CLE,2021,,,,,
Taurean Prince,CLE,2021,,,,,
Collin Sexton,CLE,2021,,,,,
Lamar Stevens,CLE,2021,,,,,
Brodric Thomas,CLE,2021,,,,,
Anderson Varejão,CLE,2021,,,,,
Dean Wade,CLE,2021,,,,,
Dylan Windler,CLE,2021,,,,,
Tyler Bey,DAL,2021,,,,,
Jalen Brunson,DAL,2021,,,,,
Trey Burke,DAL,2021,,,,,
Willie Cauley-Stein,DAL,2021,,,,,
Luka Dončić,DAL,2021,,,,,
Dorian Finney-Smith,DAL,2021,,,,,
Josh Green,DAL,2021,,,,,
Tim Hardaway Jr.,DAL,2021,,,,,
Nate Hinton,DAL,2021,,,,,
Wes Iwundu,DAL,2021,,,,,
James Johnson,DAL,2021,,,,,
Maxi Kleber,DAL,2021,,,,,
Boban Marjanović,DAL,2021,,,,,
Nicolò Melli,DAL,2021,,,,,
Kristaps Porziņģis,DAL,2021,,,,,
Dwight Powell,DAL,2021,,,,,
JJ Redick,DAL,2021,,,,,
Josh Richardson,DAL,2021,,,,,
Tyrell Terry,DAL,2021,,,,,
Will Barton,DEN,2021,,,,,
Bol Bol,DEN,2021,,,,,
Facundo Campazzo,DEN,2021,,,,,
Vlatko Čančar,DEN,2021,,,,,
Gary Clark,DEN,2021,,,,,
PJ Dozier,DEN,2021,,,,,
Aaron Gordon,DEN,2021,,,,,
JaMychal Green,DEN,2021,,,,,
R.J. Hampton,DEN,2021,,,,,
Gary Harris,DEN,2021,,,,,
Shaquille Harrison,DEN,2021,,,,,
Isaiah Hartenstein,DEN,2021,,,,,
Markus Howard,DEN,2021,,,,,
Nikola Jokić,DEN,2021,,,,,
JaVale McGee,DEN,2021,,,,,
Paul Millsap,DEN,2021,,,,,
Monte Morris,DEN,2021,,,,,
Jamal Murray,DEN,2021,,,,,
Zeke Nnaji,DEN,2021,,,,,
Michael Porter Jr.,DEN,2021,,,,,
Austin Rivers,DEN,2021,,,,,
Greg Whittington,DEN,2021,,,,,
Saddiq Bey,DET,2021,,,,,
Tyler Cook,DET,2021,,,,,
Hamidou Diallo,DET,2021,,,,,
Sekou Doumbouya,DET,2021,,,,,
Wayne Ellington,DET,2021,,,,,
Jerami Grant,DET,2021,,,,,
Blake Griffin,DET,2021,,,,,
Killian Hayes,DET,2021,,,,,
Frank Jackson,DET,2021,,,,,
Josh Jackson,DET,2021,,,,,
Cory Joseph,DET,2021,,,,,
Saben Lee,DET,2021,,,,,
Rodney McGruder,DET,2021,,,,,
Svi Mykhailiuk,DET,2021,,,,,
Jahlil Okafor,DET,2021,,,,,
Mason Plumlee,DET,2021,,,,,
Derrick Rose,DET,2021,,,,,
Deividas Sirvydis,DET,2021,,,,,
Dennis Smith Jr.,DET,2021,,,,,
Isaiah Stewart,DET,2021,,,,,
Delon Wright,DET,2021,,,,,
Kent Bazemore,GSW,2021,,,,,
Jordan Bell,GSW,2021,,,,,
Marquese Chriss,GSW,2021,,,,,
Stephen Curry,GSW,2021,,,,,
Draymond Green,GSW,2021,,,,,
Damion Lee,GSW,2021,,,,,
Kevon Looney,GSW,2021,,,,,
Nico Mannion,GSW,2021,,,,,
Mychal Mulder,GSW,2021,,,,,
Kelly Oubre Jr.,GSW,2021,,,,,
Eric Paschall,GSW,2021,,,,,
Gary Payton II,GSW,2021,,,,,
Jordan Poole,GSW,2021,,,,,
Alen Smailagić,GSW,2021,,,,,
Juan Toscano-Anderson,GSW,2021,,,,,
Brad Wanamaker,GSW,2021,,,,,
Andrew Wiggins,GSW,2021,,,,,
James Wiseman,GSW,2021,,,,,
D.J. Augustin,HOU,2021,,,,,
Avery Bradley,HOU,2021,,,,,
Armoni Brooks,HOU,2021,,,,,
Sterling Brown,HOU,2021,,,,,
Bruno Caboclo,HOU,2021,,,,,
DeMarcus Cousins,HOU,2021,,,,,
Eric Gordon,HOU,2021,,,,,
James Harden,HOU,2021,,,,,
Danuel House Jr.,HOU,2021,,,,,
DaQuan Jeffries,HOU,2021,,,,,
Mason Jones,HOU,2021,,,,,
Rodions Kurucs,HOU,2021,,,,,
Anthony Lamb,HOU,2021,,,,,
KJ Martin,HOU,2021,,,,,
Ben McLemore,HOU,2021,,,,,
David Nwaba,HOU,2021,,,,,
Victor Oladipo,HOU,2021,,,,,
Cameron Oliver,HOU,2021,,,,,
Kelly Olynyk,HOU,2021,,,,,
Justin Patton,HOU,2021,,,,,
Kevin Porter Jr.,HOU,2021,,,,,
Cameron Reynolds,HOU,2021,,,,,
Ray Spalding,HOU,2021,,,,,
Jae'Sean Tate,HOU,2021,,,,,
Brodric Thomas,HOU,2021,,,,,
Khyri Thomas,HOU,2021,,,,,
P.J. Tucker,HOU,2021,,,,,
John Wall,HOU,2021,,,,,
D.J. Wilson,HOU,2021,,,,,
Christian Wood,HOU,2021,,,,,
Goga Bitadze,IND,2021,,,,,
Brian Bowen,IND,2021,,,,,
Amida Brimah,IND,2021,,,,,
Oshae Brissett,IND,2021,,,,,
Malcolm Brogdon,IND,2021,,,,,
Aaron Holiday,IND,2021,,,,,
Justin Holiday,IND,2021,,,,,
Jeremy Lamb,IND,2021,,,,,
Jalen Lecque,IND,2021,,,,,
Caris LeVert,IND,2021,,,,,
Kelan Martin,IND,2021,,,,,
T.J. McConnell,IND,2021,,,,,
Doug McDermott,IND,2021,,,,,
Victor Oladipo,IND,2021,,,,,
Domantas Sabonis,IND,2021,,,,,
JaKarr Sampson,IND,2021,,,,,
Cassius Stanley,IND,2021,,,,,
Edmond Sumner,IND,2021,,,,,
Myles Turner,IND,2021,,,,,
T.J. Warren,IND,2021,,,,,
Nicolas Batum,LAC,2021,,,,,
Patrick Beverley,LAC,2021,,,,,
Amir Coffey,LAC,2021,,,,,
DeMarcus Cousins,LAC,2021,,,,,
Yogi Ferrell,LAC,2021,,,,,
Malik Fitts,LAC,2021,,,,,
Paul George,LAC,2021,,,,,
Serge Ibaka,LAC,2021,,,,,
Reggie Jackson,LAC,2021,,,,,
Mfiondu Kabengele,LAC,2021,,,,,
Luke Kennard,LAC,2021,,,,,
Kawhi Leonard,LAC,2021,,,,,
Terance Mann,LAC,2021,,,,,
Marcus Morris,LAC,2021,,,,,
Daniel Oturu,LAC,2021,,,,,
Patrick Patterson,LAC,2021,,,,,
Rajon Rondo,LAC,2021,,,,,
Jay Scrubb,LAC,2021,,,,,
Lou Williams,LAC,2021,,,,,
Ivica Zubac,LAC,2021,,,,,
Kostas Antetokounmpo,LAL,2021,,,,,
Devontae Cacok,LAL,2021,,,,,
Kentavious Caldwell-Pope,LAL,2021,,,,,
Alex Caruso,LAL,2021,,,,,
Quinn Cook,LAL,2021,,,,,
Anthony Davis,LAL,2021,,,,,
Andre Drummond,LAL,2021,,,,,
Jared Dudley,LAL,2021,,,,,
Marc Gasol,LAL,2021,,,,,
Montrezl Harrell,LAL,2021,,,,,
Talen Horton-Tucker,LAL,2021,,,,,
LeBron James,LAL,2021,,,,,
Damian Jones,LAL,2021,,,,,
Kyle Kuzma,LAL,2021,,,,,
Wesley Matthews,LAL,2021,,,,,
Alfonzo McKinnie,LAL,2021,,,,,
Ben McLemore,LAL,2021,,,,,
Markieff Morris,LAL,2021,,,,,
Dennis Schröder,LAL,2021,,,,,
Grayson Allen,MEM,2021,,,,,
Kyle Anderson,MEM,2021,,,,,
Desmond Bane,MEM,2021,,,,,
Dillon Brooks,MEM,2021,,,,,
Brandon Clarke,MEM,2021,,,,,
Gorgui Dieng,MEM,2021,,,,,
Tim Frazier,MEM,2021,,,,,
Jaren Jackson Jr.,MEM,2021,,,,,
Tyus Jones,MEM,2021,,,,,
John Konchar,MEM,2021,,,,,
Sean McDermott,MEM,2021,,,,,
De'Anthony Melton,MEM,2021,,,,,
Ja Morant,MEM,2021,,,,,
Jontay Porter,MEM,2021,,,,,
Killian Tillie,MEM,2021,,,,,
Xavier Tillman Sr.,MEM,2021,,,,,
Jonas Valančiūnas,MEM,2021,,,,,
Justise Winslow,MEM,2021,,,,,
Precious Achiuwa,MIA,2021,,,,,
Bam Adebayo,MIA,2021,,,,,
Trevor Ariza,MIA,2021,,,,,
Nemanja Bjelica,MIA,2021,,,,,
Avery Bradley,MIA,2021,,,,,
Jimmy Butler,MIA,2021,,,,,
Dewayne Dedmon,MIA,2021,,,,,
Goran Dragić,MIA,2021,,,,,
Maurice Harkless,MIA,2021,,,,,
Udonis Haslem,MIA,2021,,,,,
Tyler Herro,MIA,2021,,,,,
Andre Iguodala,MIA,2021,,,,,
Meyers Leonard,MIA,2021,,,,,
Kendrick Nunn,MIA,2021,,,,,
KZ Okpala,MIA,2021,,,,,
Victor Oladipo,MIA,2021,,,,,
Kelly Olynyk,MIA,2021,,,,,
Duncan Robinson,MIA,2021,,,,,
Chris Silva,MIA,2021,,,,,
Max Strus,MIA,2021,,,,,
Gabe Vincent,MIA,2021,,,,,
Jaylen Adams,MIL,2021,,,,,
Giannis Antetokounmpo,MIL,2021,,,,,
Thanasis Antetokounmpo,MIL,2021,,,,,
D.J. Augustin,MIL,2021,,,,,
Elijah Bryant,MIL,2021,,,,,
Pat Connaughton,MIL,2021,,,,,
Torrey Craig,MIL,2021,,,,,
Mamadi Diakite,MIL,2021,,,,,
Donte DiVincenzo,MIL,2021,,,,,
Bryn Forbes,MIL,2021,,,,,
Jrue Holiday,MIL,2021,,,,,
Justin Jackson,MIL,2021,,,,,
Rodions Kurucs,MIL,2021,,,,,
Brook Lopez,MIL,2021,,,,,
Sam Merrill,MIL,2021,,,,,
Khris Middleton,MIL,2021,,,,,
Jordan Nwora,MIL,2021,,,,,
Bobby Portis,MIL,2021,,,,,
Jeff Teague,MIL,2021,,,,,
Axel Toupane,MIL,2021,,,,,
P.J. Tucker,MIL,2021,,,,,
D.J. Wilson,MIL,2021,,,,,
Malik Beasley,MIN,2021,,,,,
Jarrett Culver,MIN,2021,,,,,
Ed Davis,MIN,2021,,,,,
Anthony Edwards,MIN,2021,,,,,
Ashton Hagans,MIN,2021,,,,,
Juancho Hernangómez,MIN,2021,,,,,
Jake Layman,MIN,2021,,,,,
Jaden McDaniels,MIN,2021,,,,,
Jordan McLaughlin,MIN,2021,,,,,
Jaylen Nowell,MIN,2021,,,,,
Josh Okogie,MIN,2021,,,,,
Naz Reid,MIN,2021,,,,,
Ricky Rubio,MIN,2021,,,,,
D'Angelo Russell,MIN,2021,,,,,
Karl-Anthony Towns,MIN,2021,,,,,
Jarred Vanderbilt,MIN,2021,,,,,
Steven Adams,NOP,2021,,,,,
Nickeil Alexander-Walker,NOP,2021,,,,,
Lonzo Ball,NOP,2021,,,,,
Eric Bledsoe,NOP,2021,,,,,
Wenyen Gabriel,NOP,2021,,,,,
Josh Hart,NOP,2021,,,,,
Jaxson Hayes,NOP,2021,,,,,
Willy Hernangómez,NOP,2021,,,,,
Brandon Ingram,NOP,2021,,,,,
Wes Iwundu,NOP,2021,,,,,
James Johnson,NOP,2021,,,,,
Kira Lewis Jr.,NOP,2021,,,,,
Didi Louzada,NOP,2021,,,,,
Will Magnay,NOP,2021,,,,,
Naji Marshall,NOP,2021,,,,,
Nicolò Melli,NOP,2021,,,,,
James Nunnally,NOP,2021,,,,,
JJ Redick,NOP,2021,,,,,
Isaiah Thomas,NOP,2021,,,,,
Sindarius Thornwell,NOP,2021,,,,,
Zion Williamson,NOP,2021,,,,,
RJ Barrett,NYK,2021,,,,,
Ignas Brazdeikis,NYK,2021,,,,,
Reggie Bullock,NYK,2021,,,,,
Alec Burks,NYK,2021,,,,,
Taj Gibson,NYK,2021,,,,,
Jared Harper,NYK,2021,,,,,
Kevin Knox,NYK,2021,,,,,
Nerlens Noel,NYK,2021,,,,,
Frank Ntilikina,NYK,2021,,,,,
Elfrid Payton,NYK,2021,,,,,
Norvel Pelle,NYK,2021,,,,,
Theo Pinson,NYK,2021,,,,,
Immanuel Quickley,NYK,2021,,,,,
Julius Randle,NYK,2021,,,,,
Austin Rivers,NYK,2021,,,,,
Mitchell Robinson,NYK,2021,,,,,
Derrick Rose,NYK,2021,,,,,
Dennis Smith Jr.,NYK,2021,,,,,
Obi Toppin,NYK,2021,,,,,
Darius Bazley,OKC,2021,,,,,
Tony Bradley,OKC,2021,,,,,
Charlie Brown Jr.,OKC,2021,,,,,
Moses Brown,OKC,2021,,,,,
Gabriel Deck,OKC,2021,,,,,
Hamidou Diallo,OKC,2021,,,,,
Luguentz Dort,OKC,2021,,,,,
Shai Gilgeous-Alexander,OKC,2021,,,,,
Josh Hall,OKC,2021,,,,,
George Hill,OKC,2021,,,,,
Jaylen Hoard,OKC,2021,,,,,
Al Horford,OKC,2021,,,,,
Justin Jackson,OKC,2021,,,,,
Ty Jerome,OKC,2021,,,,,
Théo Maledon,OKC,2021,,,,,
Darius Miller,OKC,2021,,,,,
Mike Muscala,OKC,2021,,,,,
Svi Mykhailiuk,OKC,2021,,,,,
Aleksej Pokusevski,OKC,2021,,,,,
Justin Robinson,OKC,2021,,,,,
Isaiah Roby,OKC,2021,,,,,
Kenrich Williams,OKC,2021,,,,,
Al-Farouq Aminu,ORL,2021,,,,,
Cole Anthony,ORL,2021,,,,,
Dwayne Bacon,ORL,2021,,,,,
Mo Bamba,ORL,2021,,,,,
Khem Birch,ORL,2021,,,,,
Jordan Bone,ORL,2021,,,,,
Ignas Brazdeikis,ORL,2021,,,,,
Devin Cannady,ORL,2021,,,,,
Wendell Carter Jr.,ORL,2021,,,,,
Michael Carter-Williams,ORL,2021,,,,,
Gary Clark,ORL,2021,,,,,
James Ennis III,ORL,2021,,,,,
Evan Fournier,ORL,2021,,,,,
Robert Franks,ORL,2021,,,,,
Markelle Fultz,ORL,2021,,,,,
Aaron Gordon,ORL,2021,,,,,
Donta Hall,ORL,2021,,,,,
R.J. Hampton,ORL,2021,,,,,
Gary Harris,ORL,2021,,,,,
Karim Mané,ORL,2021,,,,,
Frank Mason III,ORL,2021,,,,,
Chuma Okeke,ORL,2021,,,,,
Otto Porter Jr.,ORL,2021,,,,,
Chasson Randle,ORL,2021,,,,,
Terrence Ross,ORL,2021,,,,,
Sindarius Thornwell,ORL,2021,,,,,
Nikola Vučević,ORL,2021,,,,,
Moritz Wagner,ORL,2021,,,,,
Tony Bradley,PHI,2021,,,,,
Ignas Brazdeikis,PHI,2021,,,,,
Gary Clark,PHI,2021,,,,,
Seth Curry,PHI,2021,,,,,
Joel Embiid,PHI,2021,,,,,
Terrance Ferguson,PHI,2021,,,,,
Danny Green,PHI,2021,,,,,
Tobias Harris,PHI,2021,,,,,
George Hill,PHI,2021,,,,,
Dwight Howard,PHI,2021,,,,,
Isaiah Joe,PHI,2021,,,,,
Mason Jones,PHI,2021,,,,,
Furkan Korkmaz,PHI,2021,,,,,
Dakota Mathias,PHI,2021,,,,,
Tyrese Maxey,PHI,2021,,,,,
Shake Milton,PHI,2021,,,,,
Vincent Poirier,PHI,2021,,,,,
Paul Reed,PHI,2021,,,,,
Mike Scott,PHI,2021,,,,,
Ben Simmons,PHI,2021,,,,,
Matisse Thybulle,PHI,2021,,,,,
Anthony Tolliver,PHI,2021,,,,,
Rayjon Tucker,PHI,2021,,,,,
Ty-Shon Alexander,PHO,2021,,,,,
Deandre Ayton,PHO,2021,,,,,
Devin Booker,PHO,2021,,,,,
Mikal Bridges,PHO,2021,,,,,
Jevon Carter,PHO,2021,,,,,
Torrey Craig,PHO,2021,,,,,
Jae Crowder,PHO,2021,,,,,
Langston Galloway,PHO,2021,,,,,
Cameron Johnson,PHO,2021,,,,,
Damian Jones,PHO,2021,,,,,
Frank Kaminsky,PHO,2021,,,,,
E'Twaun Moore,PHO,2021,,,,,
Abdel Nader,PHO,2021,,,,,
Chris Paul,PHO,2021,,,,,
Cameron Payne,PHO,2021,,,,,
Dario Šarić,PHO,2021,,,,,
Jalen Smith,PHO,2021,,,,,
Carmelo Anthony,POR,2021,,,,,
Keljin Blevins,POR,2021,,,,,
Robert Covington,POR,2021,,,,,
CJ Elleby,POR,2021,,,,,
Enes Freedom,POR,2021,,,,,
Harry Giles,POR,2021,,,,,
Rondae Hollis-Jefferson,POR,2021,,,,,
Rodney Hood,POR,2021,,,,,
Derrick Jones Jr.,POR,2021,,,,,
T.J. Leaf,POR,2021,,,,,
Damian Lillard,POR,2021,,,,,
Nassir Little,POR,2021,,,,,
CJ McCollum,POR,2021,,,,,
Jusuf Nurkić,POR,2021,,,,,
Norman Powell,POR,2021,,,,,
Anfernee Simons,POR,2021,,,,,
Gary Trent Jr.,POR,2021,,,,,
Marvin Bagley III,SAC,2021,,,,,
Harrison Barnes,SAC,2021,,,,,
Nemanja Bjelica,SAC,2021,,,,,
Terence Davis,SAC,2021,,,,,
De'Aaron Fox,SAC,2021,,,,,
Kyle Guy,SAC,2021,,,,,
Tyrese Haliburton,SAC,2021,,,,,
Maurice Harkless,SAC,2021,,,,,
Buddy Hield,SAC,2021,,,,,
Richaun Holmes,SAC,2021,,,,,
Justin James,SAC,2021,,,,,
DaQuan Jeffries,SAC,2021,,,,,
Damian Jones,SAC,2021,,,,,
Cory Joseph,SAC,2021,,,,,
Louis King,SAC,2021,,,,,
Chimezie Metu,SAC,2021,,,,,
Jabari Parker,SAC,2021,,,,,
Norvel Pelle,SAC,2021,,,,,
Jahmi'us Ramsey,SAC,2021,,,,,
Glenn Robinson III,SAC,2021,,,,,
Chris Silva,SAC,2021,,,,,
Hassan Whiteside,SAC,2021,,,,,
Robert Woodard II,SAC,2021,,,,,
Delon Wright,SAC,2021,,,,,
LaMarcus Aldridge,SAS,2021,,,,,
Keita Bates-Diop,SAS,2021,,,,,
DeMar DeRozan,SAS,2021,,,,,
Gorgui Dieng,SAS,2021,,,,,
Drew Eubanks,SAS,2021,,,,,
Rudy Gay,SAS,2021,,,,,
Keldon Johnson,SAS,2021,,,,,
Tre Jones,SAS,2021,,,,,
Trey Lyles,SAS,2021,,,,,
Patty Mills,SAS,2021,,,,,
Dejounte Murray,SAS,2021,,,,,
Jakob Poeltl,SAS,2021,,,,,
Cameron Reynolds,SAS,2021,,,,,
Luka Šamanić,SAS,2021,,,,,
Devin Vassell,SAS,2021,,,,,
Lonnie Walker IV,SAS,2021,,,,,
Quinndary Weatherspoon,SAS,2021,,,,,
Derrick White,SAS,2021,,,,,
OG Anunoby,TOR,2021,,,,,
Aron Baynes,TOR,2021,,,,,
DeAndre' Bembry,TOR,2021,,,,,
Khem Birch,TOR,2021,,,,,
Chris Boucher,TOR,2021,,,,,
Terence Davis,TOR,2021,,,,,
Henry Ellenson,TOR,2021,,,,,
Malachi Flynn,TOR,2021,,,,,
Freddie Gillespie,TOR,2021,,,,,
Jalen Harris,TOR,2021,,,,,
Rodney Hood,TOR,2021,,,,,
Stanley Johnson,TOR,2021,,,,,
Alex Len,TOR,2021,,,,,
Kyle Lowry,TOR,2021,,,,,
Patrick McCaw,TOR,2021,,,,,
Norman Powell,TOR,2021,,,,,
Pascal Siakam,TOR,2021,,,,,
Matt Thomas,TOR,2021,,,,,
Gary Trent Jr.,TOR,2021,,,,,
Fred VanVleet,TOR,2021,,,,,
Yuta Watanabe,TOR,2021,,,,,
Paul Watson,TOR,2021,,,,,
Udoka Azubuike,UTA,2021,,,,,
Bojan Bogdanović,UTA,2021,,,,,
Jarrell Brantley,UTA,2021,,,,,
Jordan Clarkson,UTA,2021,,,,,
Mike Conley,UTA,2021,,,,,
Derrick Favors,UTA,2021,,,,,
Trent Forrest,UTA,2021,,,,,
Rudy Gobert,UTA,2021,,,,,
Shaquille Harrison,UTA,2021,,,,,
Elijah Hughes,UTA,2021,,,,,
Ersan İlyasova,UTA,2021,,,,,
Joe Ingles,UTA,2021,,,,,
Donovan Mitchell,UTA,2021,,,,,
Juwan Morgan,UTA,2021,,,,,
Georges Niang,UTA,2021,,,,,
Royce O'Neale,UTA,2021,,,,,
Miye Oni,UTA,2021,,,,,
Matt Thomas,UTA,2021,,,,,
Deni Avdija,WAS,2021,,,,,
Bradley Beal,WAS,2021,,,,,
Jordan Bell,WAS,2021,,,,,
Dāvis Bertāns,WAS,2021,,,,,
Isaac Bonga,WAS,2021,,,,,
Troy Brown Jr.,WAS,2021,,,,,
Thomas Bryant,WAS,2021,,,,,
Daniel Gafford,WAS,2021,,,,,
Anthony Gill,WAS,2021,,,,,
Rui Hachimura,WAS,2021,,,,,
Chandler Hutchison,WAS,2021,,,,,
Alex Len,WAS,2021,,,,,
Robin Lopez,WAS,2021,,,,,
Garrison Mathews,WAS,2021,,,,,
Raul Neto,WAS,2021,,,,,
Anžejs Pasečņiks,WAS,2021,,,,,
Jerome Robinson,WAS,2021,,,,,
Ish Smith,WAS,2021,,,,,
Moritz Wagner,WAS,2021,,,,,
Russell Westbrook,WAS,2021,,,,,
Cassius Winston,WAS,2021,,,,,
Cat Barber,ATL,2022,,,,,
Bogdan Bogdanović,ATL,2022,,,,,
Chaundee Brown Jr.,ATL,2022,,,,,
Clint Capela,ATL,2022,,,,,
John Collins,ATL,2022,,,,,
Sharife Cooper,ATL,2022,,,,,
Gorgui Dieng,ATL,2022,,,,,
Danilo Gallinari,ATL,2022,,,,,
Malcolm Hill,ATL,2022,,,,,
Solomon Hill,ATL,2022,,,,,
Kevin Huerter,ATL,2022,,,,,
De'Andre Hunter,ATL,2022,,,,,
Wes Iwundu,ATL,2022,,,,,
Jalen Johnson,ATL,2022,,,,,
Kevin Knox,ATL,2022,,,,,
Timothé Luwawu-Cabarrot,ATL,2022,,,,,
Skylar Mays,ATL,2022,,,,,
Onyeka Okongwu,ATL,2022,,,,,
Cameron Oliver,ATL,2022,,,,,
Cam Reddish,ATL,2022,,,,,
Lance Stephenson,ATL,2022,,,,,
Lou Williams,ATL,2022,,,,,
Delon Wright,ATL,2022,,,,,
Trae Young,ATL,2022,,,,,
Jaylen Brown,BOS,2022,,,,,
Bruno Fernando,BOS,2022,,,,,
Malik Fitts,BOS,2022,,,,,
Enes Freedom,BOS,2022,,,,,
Sam Hauser,BOS,2022,,,,,
Juancho Hernangómez,BOS,2022,,,,,
Al Horford,BOS,2022,,,,,
Justin Jackson,BOS,2022,,,,,
Joe Johnson,BOS,2022,,,,,
Luke Kornet,BOS,2022,,,,,
Romeo Langford,BOS,2022,,,,,
Kelan Martin,BOS,2022,,,,,
C.J. Miles,BOS,2022,,,,,
Juwan Morgan,BOS,2022,,,,,
Aaron Nesmith,BOS,2022,,,,,
Jabari Parker,BOS,2022,,,,,
Payton Pritchard,BOS,2022,,,,,
Josh Richardson,BOS,2022,,,,,
Matt Ryan,BOS,2022,,,,,
Dennis Schröder,BOS,2022,,,,,
Marcus Smart,BOS,2022,,,,,
Nik Stauskas,BOS,2022,,,,,
Jayson Tatum,BOS,2022,,,,,
Daniel Theis,BOS,2022,,,,,
Brodric Thomas,BOS,2022,,,,,
Derrick White,BOS,2022,,,,,
Grant Williams,BOS,2022,,,,,
Robert Williams,BOS,2022,,,,,
LaMarcus Aldridge,BRK,2022,,,,,
DeAndre' Bembry,BRK,2022,,,,,
Bruce Brown,BRK,2022,,,,,
Jevon Carter,BRK,2022,,,,,
Nic Claxton,BRK,2022,,,,,
Seth Curry,BRK,2022,,,,,
Goran Dragić,BRK,2022,,,,,
Andre Drummond,BRK,2022,,,,,
David Duke Jr.,BRK,2022,,,,,
Kevin Durant,BRK,2022,,,,,
Kessler Edwards,BRK,2022,,,,,
James Ennis III,BRK,2022,,,,,
Wenyen Gabriel,BRK,2022,,,,,
Langston Galloway,BRK,2022,,,,,
Blake Griffin,BRK,2022,,,,,
James Harden,BRK,2022,,,,,
Joe Harris,BRK,2022,,,,,
Shaquille Harrison,BRK,2022,,,,,
Kyrie Irving,BRK,2022,,,,,
James Johnson,BRK,2022,,,,,
Patty Mills,BRK,2022,,,,,
Paul Millsap,BRK,2022,,,,,
Day'Ron Sharpe,BRK,2022,,,,,
Cam Thomas,BRK,2022,,,,,
LaMelo Ball,CHO,2022,,,,,
James Bouknight,CHO,2022,,,,,
Miles Bridges,CHO,2022,,,,,
Vernon Carey Jr.,CHO,2022,,,,,
Montrezl Harrell,CHO,2022,,,,,
Gordon Hayward,CHO,2022,,,,,
Kai Jones,CHO,2022,,,,,
Arnoldas Kulboka,CHO,2022,,,,,
Scottie Lewis,CHO,2022,,,,,
Cody Martin,CHO,2022,,,,,
Jalen McDaniels,CHO,2022,,,,,
Kelly Oubre Jr.,CHO,2022,,,,,
Mason Plumlee,CHO,2022,,,,,
Nick Richards,CHO,2022,,,,,
Terry Rozier,CHO,2022,,,,,
Ish Smith,CHO,2022,,,,,
Isaiah Thomas,CHO,2022,,,,,
JT Thor,CHO,2022,,,,,
P.J. Washington,CHO,2022,,,,,
Lonzo Ball,CHI,2022,,,,,
Jordan Bell,CHI,2022,,,,,
Tony Bradley,CHI,2022,,,,,
Troy Brown Jr.,CHI,2022,,,,,
Alex Caruso,CHI,2022,,,,,
Tyler Cook,CHI,2022,,,,,
DeMar DeRozan,CHI,2022,,,,,
Ayo Dosunmu,CHI,2022,,,,,
Devon Dotson,CHI,2022,,,,,
Javonte Green,CHI,2022,,,,,
Malcolm Hill,CHI,2022,,,,,
Alize Johnson,CHI,2022,,,,,
Derrick Jones Jr.,CHI,2022,,,,,
Zach LaVine,CHI,2022,,,,,
Mac McClung,CHI,2022,,,,,
Alfonzo McKinnie,CHI,2022,,,,,
Marko Simonovic,CHI,2022,,,,,
Matt Thomas,CHI,2022,,,,,
Tristan Thompson,CHI,2022,,,,,
Nikola Vučević,CHI,2022,,,,,
Coby White,CHI,2022,,,,,
Patrick Williams,CHI,2022,,,,,
Jarrett Allen,CLE,2022,,,,,
Justin Anderson,CLE,2022,,,,,
Moses Brown,CLE,2022,,,,,
Ed Davis,CLE,2022,,,,,
Tacko Fall,CLE,2022,,,,,
Tim Frazier,CLE,2022,,,,,
Darius Garland,CLE,2022,,,,,
Brandon Goodwin,CLE,2022,,,,,
Luke Kornet,CLE,2022,,,,,
Caris LeVert,CLE,2022,,,,,
Kevin Love,CLE,2022,,,,,
Lauri Markkanen,CLE,2022,,,,,
Evan Mobley,CLE,2022,,,,,
RJ Nembhard Jr.,CLE,2022,,,,,
Malik Newman,CLE,2022,,,,,
Isaac Okoro,CLE,2022,,,,,
Cedi Osman,CLE,2022,,,,,
Kevin Pangos,CLE,2022,,,,,
Rajon Rondo,CLE,2022,,,,,
Ricky Rubio,CLE,2022,,,,,
Tre Scott,CLE,2022,,,,,
Collin Sexton,CLE,2022,,,,,
Lamar Stevens,CLE,2022,,,,,
Denzel Valentine,CLE,2022,,,,,
Dean Wade,CLE,2022,,,,,
Dylan Windler,CLE,2022,,,,,
Dāvis Bertāns,DAL,2022,,,,,
Charlie Brown Jr.,DAL,2022,,,,,
Moses Brown,DAL,2022,,,,,
Sterling Brown,DAL,2022,,,,,
Jalen Brunson,DAL,2022,,,,,
Reggie Bullock,DAL,2022,,,,,
Trey Burke,DAL,2022,,,,,
Willie Cauley-Stein,DAL,2022,,,,,
Marquese Chriss,DAL,2022,,,,,
Spencer Dinwiddie,DAL,2022,,,,,
Luka Dončić,DAL,2022,,,,,
Dorian Finney-Smith,DAL,2022,,,,,
Josh Green,DAL,2022,,,,,
Tim Hardaway Jr.,DAL,2022,,,,,
Carlik Jones,DAL,2022,,,,,
George King,DAL,2022,,,,,
Maxi Kleber,DAL,2022,,,,,
Brandon Knight,DAL,2022,,,,,
Boban Marjanović,DAL,2022,,,,,
JaQuori McLaughlin,DAL,2022,,,,,
Frank Ntilikina,DAL,2022,,,,,
Eugene Omoruyi,DAL,2022,,,,,
Theo Pinson,DAL,2022,,,,,
Kristaps Porziņģis,DAL,2022,,,,,
Dwight Powell,DAL,2022,,,,,
Isaiah Thomas,DAL,2022,,,,,
Moses Wright,DAL,2022,,,,,
Will Barton,DEN,2022,,,,,
Bol Bol,DEN,2022,,,,,
Facundo Campazzo,DEN,2022,,,,,
Vlatko Čančar,DEN,2022,,,,,
Petr Cornelie,DEN,2022,,,,,
DeMarcus Cousins,DEN,2022,,,,,
PJ Dozier,DEN,2022,,,,,
James Ennis III,DEN,2022,,,,,
Bryn Forbes,DEN,2022,,,,,
Aaron Gordon,DEN,2022,,,,,
JaMychal Green,DEN,2022,,,,,
Jeff Green,DEN,2022,,,,,
Markus Howard,DEN,2022,,,,,
Bones Hyland,DEN,2022,,,,,
Nikola Jokić,DEN,2022,,,,,
Carlik Jones,DEN,2022,,,,,
Monte Morris,DEN,2022,,,,,
Zeke Nnaji,DEN,2022,,,,,
Michael Porter Jr.,DEN,2022,,,,,
Davon Reed,DEN,2022,,,,,
Austin Rivers,DEN,2022,,,,,
Rayjon Tucker,DEN,2022,,,,,
Marvin Bagley III,DET,2022,,,,,
Saddiq Bey,DET,2022,,,,,
Cade Cunningham,DET,2022,,,,,
Cheick Diallo,DET,2022,,,,,
Hamidou Diallo,DET,2022,,,,,
Carsen Edwards,DET,2022,,,,,
Luka Garza,DET,2022,,,,,
Jerami Grant,DET,2022,,,,,
Killian Hayes,DET,2022,,,,,
Frank Jackson,DET,2022,,,,,
Josh Jackson,DET,2022,,,,,
Cory Joseph,DET,2022,,,,,
Braxton Key,DET,2022,,,,,
Saben Lee,DET,2022,,,,,
Isaiah Livers,DET,2022,,,,,
Trey Lyles,DET,2022,,,,,
Rodney McGruder,DET,2022,,,,,
Kelly Olynyk,DET,2022,,,,,
Jaysean Paige,DET,2022,,,,,
Trayvon Palmer,DET,2022,,,,,
Jamorko Pickett,DET,2022,,,,,
Micah Potter,DET,2022,,,,,
Justin Robinson,DET,2022,,,,,
Deividas Sirvydis,DET,2022,,,,,
Cassius Stanley,DET,2022,,,,,
Isaiah Stewart,DET,2022,,,,,
Derrick Walton,DET,2022,,,,,
Nemanja Bjelica,GSW,2022,,,,,
Chris Chiozza,GSW,2022,,,,,
Stephen Curry,GSW,2022,,,,,
Jeff Dowtin Jr.,GSW,2022,,,,,
Draymond Green,GSW,2022,,,,,
Andre Iguodala,GSW,2022,,,,,
Jonathan Kuminga,GSW,2022,,,,,
Damion Lee,GSW,2022,,,,,
Kevon Looney,GSW,2022,,,,,
Moses Moody,GSW,2022,,,,,
Gary Payton II,GSW,2022,,,,,
Jordan Poole,GSW,2022,,,,,
Otto Porter Jr.,GSW,2022,,,,,
Klay Thompson,GSW,2022,,,,,
Juan Toscano-Anderson,GSW,2022,,,,,
Quinndary Weatherspoon,GSW,2022,,,,,
Andrew Wiggins,GSW,2022,,,,,
D.J. Augustin,HOU,2022,,,,,
Armoni Brooks,HOU,2022,,,,,
Josh Christopher,HOU,2022,,,,,
Bruno Fernando,HOU,2022,,,,,
Usman Garuba,HOU,2022,,,,,
Eric Gordon,HOU,2022,,,,,
Jalen Green,HOU,2022,,,,,
Danuel House Jr.,HOU,2022,,,,,
KJ Martin,HOU,2022,,,,,
Garrison Mathews,HOU,2022,,,,,
Daishen Nix,HOU,2022,,,,,
David Nwaba,HOU,2022,,,,,
Kevin Porter Jr.,HOU,2022,,,,,
Trevelin Queen,HOU,2022,,,,,
Dennis Schröder,HOU,2022,,,,,
Alperen Şengün,HOU,2022,,,,,
Jae'Sean Tate,HOU,2022,,,,,
Daniel Theis,HOU,2022,,,,,
Christian Wood,HOU,2022,,,,,
Justin Anderson,IND,2022,,,,,
Goga Bitadze,IND,2022,,,,,
Oshae Brissett,IND,2022,,,,,
Malcolm Brogdon,IND,2022,,,,,
Ahmad Caver,IND,2022,,,,,
Torrey Craig,IND,2022,,,,,
Chris Duarte,IND,2022,,,,,
Tyrese Haliburton,IND,2022,,,,,
Buddy Hield,IND,2022,,,,,
Nate Hinton,IND,2022,,,,,
Justin Holiday,IND,2022,,,,,
Isaiah Jackson,IND,2022,,,,,
DeJon Jarreau,IND,2022,,,,,
Jeremy Lamb,IND,2022,,,,,
Caris LeVert,IND,2022,,,,,
Kelan Martin,IND,2022,,,,,
T.J. McConnell,IND,2022,,,,,
Reggie Perry,IND,2022,,,,,
Domantas Sabonis,IND,2022,,,,,
Jalen Smith,IND,2022,,,,,
Lance Stephenson,IND,2022,,,,,
Keifer Sykes,IND,2022,,,,,
Terry Taylor,IND,2022,,,,,
Tristan Thompson,IND,2022,,,,,
Myles Turner,IND,2022,,,,,
Brad Wanamaker,IND,2022,,,,,
Duane Washington Jr.,IND,2022,,,,,
Gabe York,IND,2022,,,,,
Nicolas Batum,LAC,2022,,,,,
Eric Bledsoe,LAC,2022,,,,,
Brandon Boston Jr.,LAC,2022,,,,,
Amir Coffey,LAC,2022,,,,,
Robert Covington,LAC,2022,,,,,
James Ennis III,LAC,2022,,,,,
Wenyen Gabriel,LAC,2022,,,,,
Paul George,LAC,2022,,,,,
Isaiah Hartenstein,LAC,2022,,,,,
Rodney Hood,LAC,2022,,,,,
Serge Ibaka,LAC,2022,,,,,
Reggie Jackson,LAC,2022,,,,,
Keon Johnson,LAC,2022,,,,,
Luke Kennard,LAC,2022,,,,,
Terance Mann,LAC,2022,,,,,
Xavier Moon,LAC,2022,,,,,
Marcus Morris,LAC,2022,,,,,
Semi Ojeleye,LAC,2022,,,,,
Norman Powell,LAC,2022,,,,,
Jay Scrubb,LAC,2022,,,,,
Justise Winslow,LAC,2022,,,,,
Moses Wright,LAC,2022,,,,,
Ivica Zubac,LAC,2022,,,,,
Carmelo Anthony,LAL,2022,,,,,
Trevor Ariza,LAL,2022,,,,,
D.J. Augustin,LAL,2022,,,,,
Kent Bazemore,LAL,2022,,,,,
Avery Bradley,LAL,2022,,,,,
Chaundee Brown Jr.,LAL,2022,,,,,
Darren Collison,LAL,2022,,,,,
Anthony Davis,LAL,2022,,,,,
Sekou Doumbouya,LAL,2022,,,,,
Wayne Ellington,LAL,2022,,,,,
Wenyen Gabriel,LAL,2022,,,,,
Talen Horton-Tucker,LAL,2022,,,,,
Dwight Howard,LAL,2022,,,,,
Jay Huff,LAL,2022,,,,,
LeBron James,LAL,2022,,,,,
Stanley Johnson,LAL,2022,,,,,
Jemerrio Jones,LAL,2022,,,,,
Mason Jones,LAL,2022,,,,,
DeAndre Jordan,LAL,2022,,,,,
Mac McClung,LAL,2022,,,,,
Malik Monk,LAL,2022,,,,,
Austin Reaves,LAL,2022,,,,,
Rajon Rondo,LAL,2022,,,,,
Isaiah Thomas,LAL,2022,,,,,
Russell Westbrook,LAL,2022,,,,,
Steven Adams,MEM,2022,,,,,
Santi Aldama,MEM,2022,,,,,
Kyle Anderson,MEM,2022,,,,,
Desmond Bane,MEM,2022,,,,,
Dillon Brooks,MEM,2022,,,,,
Shaq Buchanan,MEM,2022,,,,,
Brandon Clarke,MEM,2022,,,,,
Jarrett Culver,MEM,2022,,,,,
Jaren Jackson Jr.,MEM,2022,,,,,
DaQuan Jeffries,MEM,2022,,,,,
Tyus Jones,MEM,2022,,,,,
John Konchar,MEM,2022,,,,,
Dakota Mathias,MEM,2022,,,,,
De'Anthony Melton,MEM,2022,,,,,
Sam Merrill,MEM,2022,,,,,
Ja Morant,MEM,2022,,,,,
Yves Pons,MEM,2022,,,,,
Xavier Sneed,MEM,2022,,,,,
Tyrell Terry,MEM,2022,,,,,
Jon Teske,MEM,2022,,,,,
Killian Tillie,MEM,2022,,,,,
Xavier Tillman Sr.,MEM,2022,,,,,
Ziaire Williams,MEM,2022,,,,,
Bam Adebayo,MIA,2022,,,,,
Jimmy Butler,MIA,2022,,,,,
Dewayne Dedmon,MIA,2022,,,,,
Marcus Garrett,MIA,2022,,,,,
Kyle Guy,MIA,2022,,,,,
Udonis Haslem,MIA,2022,,,,,
Tyler Herro,MIA,2022,,,,,
Haywood Highsmith,MIA,2022,,,,,
Kyle Lowry,MIA,2022,,,,,
Caleb Martin,MIA,2022,,,,,
Markieff Morris,MIA,2022,,,,,
Mychal Mulder,MIA,2022,,,,,
KZ Okpala,MIA,2022,,,,,
Victor Oladipo,MIA,2022,,,,,
Duncan Robinson,MIA,2022,,,,,
Chris Silva,MIA,2022,,,,,
Javonte Smart,MIA,2022,,,,,
Nik Stauskas,MIA,2022,,,,,
Max Strus,MIA,2022,,,,,
P.J. Tucker,MIA,2022,,,,,
Gabe Vincent,MIA,2022,,,,,
Omer Yurtseven,MIA,2022,,,,,
Grayson Allen,MIL,2022,,,,,
Giannis Antetokounmpo,MIL,2022,,,,,
Thanasis Antetokounmpo,MIL,2022,,,,,
DeAndre' Bembry,MIL,2022,,,,,
Jevon Carter,MIL,2022,,,,,
Pat Connaughton,MIL,2022,,,,,
DeMarcus Cousins,MIL,2022,,,,,
Javin DeLaurier,MIL,2022,,,,,
Donte DiVincenzo,MIL,2022,,,,,
Jeff Dowtin Jr.,MIL,2022,,,,,
Langston Galloway,MIL,2022,,,,,
George Hill,MIL,2022,,,,,
Jrue Holiday,MIL,2022,,,,,
Rodney Hood,MIL,2022,,,,,
Serge Ibaka,MIL,2022,,,,,
Georgios Kalaitzakis,MIL,2022,,,,,
Luke Kornet,MIL,2022,,,,,
Brook Lopez,MIL,2022,,,,,
Sandro Mamukelashvili,MIL,2022,,,,,
Wesley Matthews,MIL,2022,,,,,
Khris Middleton,MIL,2022,,,,,
Greg Monroe,MIL,2022,,,,,
Jordan Nwora,MIL,2022,,,,,
Semi Ojeleye,MIL,2022,,,,,
Bobby Portis,MIL,2022,,,,,
Justin Robinson,MIL,2022,,,,,
Javonte Smart,MIL,2022,,,,,
Rayjon Tucker,MIL,2022,,,,,
Luca Vildoza,MIL,2022,,,,,
Lindell Wigginton,MIL,2022,,,,,
Malik Beasley,MIN,2022,,,,,
Patrick Beverley,MIN,2022,,,,,
Leandro Bolmaro,MIN,2022,,,,,
Anthony Edwards,MIN,2022,,,,,
Nathan Knight,MIN,2022,,,,,
Jake Layman,MIN,2022,,,,,
Jaden McDaniels,MIN,2022,,,,,
Jordan McLaughlin,MIN,2022,,,,,
Greg Monroe,MIN,2022,,,,,
Jaylen Nowell,MIN,2022,,,,,
Josh Okogie,MIN,2022,,,,,
Taurean Prince,MIN,2022,,,,,
Naz Reid,MIN,2022,,,,,
D'Angelo Russell,MIN,2022,,,,,
Chris Silva,MIN,2022,,,,,
Karl-Anthony Towns,MIN,2022,,,,,
Jarred Vanderbilt,MIN,2022,,,,,
McKinley Wright IV,MIN,2022,,,,,
Nickeil Alexander-Walker,NOP,2022,,,,,
Jose Alvarado,NOP,2022,,,,,
Gary Clark,NOP,2022,,,,,
Devonte' Graham,NOP,2022,,,,,
Jared Harper,NOP,2022,,,,,
Josh Hart,NOP,2022,,,,,
Jaxson Hayes,NOP,2022,,,,,
Willy Hernangómez,NOP,2022,,,,,
Brandon Ingram,NOP,2022,,,,,
Alize Johnson,NOP,2022,,,,,
Herbert Jones,NOP,2022,,,,,
Kira Lewis Jr.,NOP,2022,,,,,
Didi Louzada,NOP,2022,,,,,
Naji Marshall,NOP,2022,,,,,
CJ McCollum,NOP,2022,,,,,
Trey Murphy III,NOP,2022,,,,,
Larry Nance Jr.,NOP,2022,,,,,
Tomáš Satoranský,NOP,2022,,,,,
Tony Snell,NOP,2022,,,,,
Garrett Temple,NOP,2022,,,,,
Jonas Valančiūnas,NOP,2022,,,,,
Tyrone Wallace,NOP,2022,,,,,
Ryan Arcidiacono,NYK,2022,,,,,
RJ Barrett,NYK,2022,,,,,
Alec Burks,NYK,2022,,,,,
Damyean Dotson,NYK,2022,,,,,
Evan Fournier,NYK,2022,,,,,
Taj Gibson,NYK,2022,,,,,
Quentin Grimes,NYK,2022,,,,,
Tyler Hall,NYK,2022,,,,,
Danuel House Jr.,NYK,2022,,,,,
Feron Hunt,NYK,2022,,,,,
Kevin Knox,NYK,2022,,,,,
Miles McBride,NYK,2022,,,,,
Matt Mooney,NYK,2022,,,,,
Nerlens Noel,NYK,2022,,,,,
Immanuel Quickley,NYK,2022,,,,,
Julius Randle,NYK,2022,,,,,
Cam Reddish,NYK,2022,,,,,
Mitchell Robinson,NYK,2022,,,,,
Derrick Rose,NYK,2022,,,,,
Wayne Selden,NYK,2022,,,,,
Jericho Sims,NYK,2022,,,,,
Obi Toppin,NYK,2022,,,,,
Kemba Walker,NYK,2022,,,,,
Darius Bazley,OKC,2022,,,,,
Gabriel Deck,OKC,2022,,,,,
Mamadi Diakite,OKC,2022,,,,,
Luguentz Dort,OKC,2022,,,,,
Rob Edwards,OKC,2022,,,,,
Derrick Favors,OKC,2022,,,,,
Melvin Frazier,OKC,2022,,,,,
Josh Giddey,OKC,2022,,,,,
Shai Gilgeous-Alexander,OKC,2022,,,,,
Jaylen Hoard,OKC,2022,,,,,
Scotty Hopson,OKC,2022,,,,,
Ty Jerome,OKC,2022,,,,,
Georgios Kalaitzakis,OKC,2022,,,,,
Vit Krejci,OKC,2022,,,,,
Théo Maledon,OKC,2022,,,,,
Tre Mann,OKC,2022,,,,,
Mike Muscala,OKC,2022,,,,,
Aleksej Pokusevski,OKC,2022,,,,,
Jeremiah Robinson-Earl,OKC,2022,,,,,
Isaiah Roby,OKC,2022,,,,,
Olivier Sarr,OKC,2022,,,,,
Zavier Simpson,OKC,2022,,,,,
Lindy Waters III,OKC,2022,,,,,
Paul Watson,OKC,2022,,,,,
Aaron Wiggins,OKC,2022,,,,,
Kenrich Williams,OKC,2022,,,,,
Cole Anthony,ORL,2022,,,,,
Mo Bamba,ORL,2022,,,,,
Ignas Brazdeikis,ORL,2022,,,,,
Devin Cannady,ORL,2022,,,,,
Wendell Carter Jr.,ORL,2022,,,,,
Jeff Dowtin Jr.,ORL,2022,,,,,
Aleem Ford,ORL,2022,,,,,
Tim Frazier,ORL,2022,,,,,
Markelle Fultz,ORL,2022,,,,,
Freddie Gillespie,ORL,2022,,,,,
Hassani Gravett,ORL,2022,,,,,
R.J. Hampton,ORL,2022,,,,,
Gary Harris,ORL,2022,,,,,
B.J. Johnson,ORL,2022,,,,,
Robin Lopez,ORL,2022,,,,,
Mychal Mulder,ORL,2022,,,,,
Chuma Okeke,ORL,2022,,,,,
Terrence Ross,ORL,2022,,,,,
Admiral Schofield,ORL,2022,,,,,
Jalen Suggs,ORL,2022,,,,,
Franz Wagner,ORL,2022,,,,,
Moritz Wagner,ORL,2022,,,,,
Charles Bassey,PHI,2022,,,,,
Charlie Brown Jr.,PHI,2022,,,,,
Willie Cauley-Stein,PHI,2022,,,,,
Seth Curry,PHI,2022,,,,,
Andre Drummond,PHI,2022,,,,,
Joel Embiid,PHI,2022,,,,,
Danny Green,PHI,2022,,,,,
James Harden,PHI,2022,,,,,
Tobias Harris,PHI,2022,,,,,
Aaron Henry,PHI,2022,,,,,
Isaiah Joe,PHI,2022,,,,,
Tyler Johnson,PHI,2022,,,,,
DeAndre Jordan,PHI,2022,,,,,
Braxton Key,PHI,2022,,,,,
Furkan Korkmaz,PHI,2022,,,,,
Tyrese Maxey,PHI,2022,,,,,
Paul Millsap,PHI,2022,,,,,
Shake Milton,PHI,2022,,,,,
Georges Niang,PHI,2022,,,,,
Myles Powell,PHI,2022,,,,,
Paul Reed,PHI,2022,,,,,
Jaden Springer,PHI,2022,,,,,
Matisse Thybulle,PHI,2022,,,,,
Deandre Ayton,PHO,2022,,,,,
Paris Bass,PHO,2022,,,,,
Bismack Biyombo,PHO,2022,,,,,
Devin Booker,PHO,2022,,,,,
Mikal Bridges,PHO,2022,,,,,
Torrey Craig,PHO,2022,,,,,
Jae Crowder,PHO,2022,,,,,
Aaron Holiday,PHO,2022,,,,,
Chandler Hutchison,PHO,2022,,,,,
Justin Jackson,PHO,2022,,,,,
Cameron Johnson,PHO,2022,,,,,
Frank Kaminsky,PHO,2022,,,,,
Gabriel Lundberg,PHO,2022,,,,,
JaVale McGee,PHO,2022,,,,,
Abdel Nader,PHO,2022,,,,,
Chris Paul,PHO,2022,,,,,
Cameron Payne,PHO,2022,,,,,
Elfrid Payton,PHO,2022,,,,,
Landry Shamet,PHO,2022,,,,,
Jalen Smith,PHO,2022,,,,,
Emanuel Terry,PHO,2022,,,,,
Ish Wainright,PHO,2022,,,,,
M.J. Walker,PHO,2022,,,,,
Keljin Blevins,POR,2022,,,,,
Greg Brown III,POR,2022,,,,,
Robert Covington,POR,2022,,,,,
Jarron Cumberland,POR,2022,,,,,
Kris Dunn,POR,2022,,,,,
CJ Elleby,POR,2022,,,,,
Drew Eubanks,POR,2022,,,,,
Josh Hart,POR,2022,,,,,
Elijah Hughes,POR,2022,,,,,
Keon Johnson,POR,2022,,,,,
Damian Lillard,POR,2022,,,,,
Nassir Little,POR,2022,,,,,
Didi Louzada,POR,2022,,,,,
CJ McCollum,POR,2022,,,,,
Cameron McGriff,POR,2022,,,,,
Ben McLemore,POR,2022,,,,,
Larry Nance Jr.,POR,2022,,,,,
Jusuf Nurkić,POR,2022,,,,,
Reggie Perry,POR,2022,,,,,
Norman Powell,POR,2022,,,,,
Anfernee Simons,POR,2022,,,,,
Dennis Smith Jr.,POR,2022,,,,,
Tony Snell,POR,2022,,,,,
Trendon Watford,POR,2022,,,,,
Brandon Williams,POR,2022,,,,,
Justise Winslow,POR,2022,,,,,
Cody Zeller,POR,2022,,,,,
Marvin Bagley III,SAC,2022,,,,,
Harrison Barnes,SAC,2022,,,,,
Terence Davis,SAC,2022,,,,,
Donte DiVincenzo,SAC,2022,,,,,
De'Aaron Fox,SAC,2022,,,,,
Tyrese Haliburton,SAC,2022,,,,,
Maurice Harkless,SAC,2022,,,,,
Buddy Hield,SAC,2022,,,,,
Justin Holiday,SAC,2022,,,,,
Richaun Holmes,SAC,2022,,,,,
Josh Jackson,SAC,2022,,,,,
Damian Jones,SAC,2022,,,,,
Louis King,SAC,2022,,,,,
Jeremy Lamb,SAC,2022,,,,,
Alex Len,SAC,2022,,,,,
Trey Lyles,SAC,2022,,,,,
Chimezie Metu,SAC,2022,,,,,
Davion Mitchell,SAC,2022,,,,,
Emmanuel Mudiay,SAC,2022,,,,,
Ade Murkey,SAC,2022,,,,,
Neemias Queta,SAC,2022,,,,,
Jahmi'us Ramsey,SAC,2022,,,,,
Justin Robinson,SAC,2022,,,,,
Domantas Sabonis,SAC,2022,,,,,
Tristan Thompson,SAC,2022,,,,,
Robert Woodard II,SAC,2022,,,,,
Keita Bates-Diop,SAS,2022,,,,,
Devontae Cacok,SAS,2022,,,,,
Zach Collins,SAS,2022,,,,,
Drew Eubanks,SAS,2022,,,,,
Bryn Forbes,SAS,2022,,,,,
Juancho Hernangómez,SAS,2022,,,,,
Keldon Johnson,SAS,2022,,,,,
Tyler Johnson,SAS,2022,,,,,
Tre Jones,SAS,2022,,,,,
Anthony Lamb,SAS,2022,,,,,
Jock Landale,SAS,2022,,,,,
Romeo Langford,SAS,2022,,,,,
Doug McDermott,SAS,2022,,,,,
Jaylen Morris,SAS,2022,,,,,
Dejounte Murray,SAS,2022,,,,,
Jakob Poeltl,SAS,2022,,,,,
Joshua Primo,SAS,2022,,,,,
Josh Richardson,SAS,2022,,,,,
Tomáš Satoranský,SAS,2022,,,,,
Devin Vassell,SAS,2022,,,,,
Lonnie Walker IV,SAS,2022,,,,,
Derrick White,SAS,2022,,,,,
Joe Wieskamp,SAS,2022,,,,,
Thaddeus Young,SAS,2022,,,,,
Precious Achiuwa,TOR,2022,,,,,
OG Anunoby,TOR,2022,,,,,
Dalano Banton,TOR,2022,,,,,
Scottie Barnes,TOR,2022,,,,,
Khem Birch,TOR,2022,,,,,
Isaac Bonga,TOR,2022,,,,,
Chris Boucher,TOR,2022,,,,,
Armoni Brooks,TOR,2022,,,,,
Justin Champagnie,TOR,2022,,,,,
Sam Dekker,TOR,2022,,,,,
Goran Dragić,TOR,2022,,,,,
Malachi Flynn,TOR,2022,,,,,
David Johnson,TOR,2022,,,,,
Juwan Morgan,TOR,2022,,,,,
Svi Mykhailiuk,TOR,2022,,,,,
Daniel Oturu,TOR,2022,,,,,
Pascal Siakam,TOR,2022,,,,,
Gary Trent Jr.,TOR,2022,,,,,
Fred VanVleet,TOR,2022,,,,,
Yuta Watanabe,TOR,2022,,,,,
Tremont Waters,TOR,2022,,,,,
D.J. Wilson,TOR,2022,,,,,
Thaddeus Young,TOR,2022,,,,,
Nickeil Alexander-Walker,UTA,2022,,,,,
Udoka Azubuike,UTA,2022,,,,,
Bojan Bogdanović,UTA,2022,,,,,
Jared Butler,UTA,2022,,,,,
Zylan Cheatham,UTA,2022,,,,,
Jordan Clarkson,UTA,2022,,,,,
Mike Conley,UTA,2022,,,,,
Malik Fitts,UTA,2022,,,,,
Trent Forrest,UTA,2022,,,,,
Rudy Gay,UTA,2022,,,,,
Rudy Gobert,UTA,2022,,,,,
Juancho Hernangómez,UTA,2022,,,,,
Danuel House Jr.,UTA,2022,,,,,
Elijah Hughes,UTA,2022,,,,,
Joe Ingles,UTA,2022,,,,,
Donovan Mitchell,UTA,2022,,,,,
Greg Monroe,UTA,2022,,,,,
Royce O'Neale,UTA,2022,,,,,
Miye Oni,UTA,2022,,,,,
Eric Paschall,UTA,2022,,,,,
Norvel Pelle,UTA,2022,,,,,
Xavier Sneed,UTA,2022,,,,,
Denzel Valentine,UTA,2022,,,,,
Hassan Whiteside,UTA,2022,,,,,
Deni Avdija,WAS,2022,,,,,
Joel Ayayi,WAS,2022,,,,,
Bradley Beal,WAS,2022,,,,,
Dāvis Bertāns,WAS,2022,,,,,
Thomas Bryant,WAS,2022,,,,,
Kentavious Caldwell-Pope,WAS,2022,,,,,
Vernon Carey Jr.,WAS,2022,,,,,
Spencer Dinwiddie,WAS,2022,,,,,
Jaime Echenique,WAS,2022,,,,,
Daniel Gafford,WAS,2022,,,,,
Anthony Gill,WAS,2022,,,,,
Jordan Goodwin,WAS,2022,,,,,
Rui Hachimura,WAS,2022,,,,,
Montrezl Harrell,WAS,2022,,,,,
Aaron Holiday,WAS,2022,,,,,
Alize Johnson,WAS,2022,,,,,
Corey Kispert,WAS,2022,,,,,
Kyle Kuzma,WAS,2022,,,,,
Greg Monroe,WAS,2022,,,,,
Raul Neto,WAS,2022,,,,,
Kristaps Porziņģis,WAS,2022,,,,,
Tomáš Satoranský,WAS,2022,,,,,
Jordan Schakel,WAS,2022,,,,,
Ish Smith,WAS,2022,,,,,
Craig Sword,WAS,2022,,,,,
Isaiah Todd,WAS,2022,,,,,
Brad Wanamaker,WAS,2022,,,,,
Tremont Waters,WAS,2022,,,,,
Cassius Winston,WAS,2022,,,,,
Saddiq Bey,ATL,2023,,,,,
Bogdan Bogdanović,ATL,2023,,,,,
Clint Capela,ATL,2023,,,,,
John Collins,ATL,2023,,,,,
Jarrett Culver,ATL,2023,,,,,
Bruno Fernando,ATL,2023,,,,,
Trent Forrest,ATL,2023,,,,,
AJ Griffin,ATL,2023,,,,,
Aaron Holiday,ATL,2023,,,,,
Justin Holiday,ATL,2023,,,,,
De'Andre Hunter,ATL,2023,,,,,
Jalen Johnson,ATL,2023,,,,,
Frank Kaminsky,ATL,2023,,,,,
Vit Krejci,ATL,2023,,,,,
Tyrese Martin,ATL,2023,,,,,
Garrison Mathews,ATL,2023,,,,,
Dejounte Murray,ATL,2023,,,,,
Onyeka Okongwu,ATL,2023,,,,,
Donovan Williams,ATL,2023,,,,,
Trae Young,ATL,2023,,,,,
Malcolm Brogdon,BOS,2023,,,,,
Jaylen Brown,BOS,2023,,,,,
Justin Champagnie,BOS,2023,,,,,
JD Davison,BOS,2023,,,,,
Blake Griffin,BOS,2023,,,,,
Sam Hauser,BOS,2023,,,,,
Al Horford,BOS,2023,,,,,
Justin Jackson,BOS,2023,,,,,
Mfiondu Kabengele,BOS,2023,,,,,
Luke Kornet,BOS,2023,,,,,
Mike Muscala,BOS,2023,,,,,
Payton Pritchard,BOS,2023,,,,,
Marcus Smart,BOS,2023,,,,,
Jayson Tatum,BOS,2023,,,,,
Noah Vonleh,BOS,2023,,,,,
Derrick White,BOS,2023,,,,,
Grant Williams,BOS,2023,,,,,
Robert Williams,BOS,2023,,,,,
Mikal Bridges,BRK,2023,,,,,
Moses Brown,BRK,2023,,,,,
Nic Claxton,BRK,2023,,,,,
Seth Curry,BRK,2023,,,,,
Spencer Dinwiddie,BRK,2023,,,,,
David Duke Jr.,BRK,2023,,,,,
Kevin Durant,BRK,2023,,,,,
Kessler Edwards,BRK,2023,,,,,
Dorian Finney-Smith,BRK,2023,,,,,
RaiQuan Gray,BRK,2023,,,,,
Joe Harris,BRK,2023,,,,,
Kyrie Irving,BRK,2023,,,,,
Cameron Johnson,BRK,2023,,,,,
Patty Mills,BRK,2023,,,,,
Markieff Morris,BRK,2023,,,,,
Nerlens Noel,BRK,2023,,,,,
Royce O'Neale,BRK,2023,,,,,
Day'Ron Sharpe,BRK,2023,,,,,
Ben Simmons,BRK,2023,,,,,
Dru Smith,BRK,2023,,,,,
Edmond Sumner,BRK,2023,,,,,
Cam Thomas,BRK,2023,,,,,
T.J. Warren,BRK,2023,,,,,
Yuta Watanabe,BRK,2023,,,,,
Alondes Williams,BRK,2023,,,,,
LaMelo Ball,CHO,2023,,,,,
James Bouknight,CHO,2023,,,,,
Gordon Hayward,CHO,2023,,,,,
Kai Jones,CHO,2023,,,,,
Théo Maledon,CHO,2023,,,,,
Cody Martin,CHO,2023,,,,,
Jalen McDaniels,CHO,2023,,,,,
Bryce McGowens,CHO,2023,,,,,
Svi Mykhailiuk,CHO,2023,,,,,
Kelly Oubre Jr.,CHO,2023,,,,,
Mason Plumlee,CHO,2023,,,,,
Nick Richards,CHO,2023,,,,,
Terry Rozier,CHO,2023,,,,,
Kobi Simmons,CHO,2023,,,,,
Dennis Smith Jr.,CHO,2023,,,,,
Xavier Sneed,CHO,2023,,,,,
JT Thor,CHO,2023,,,,,
P.J. Washington,CHO,2023,,,,,
Mark Williams,CHO,2023,,,,,
Patrick Beverley,CHI,2023,,,,,
Tony Bradley,CHI,2023,,,,,
Alex Caruso,CHI,2023,,,,,
DeMar DeRozan,CHI,2023,,,,,
Ayo Dosunmu,CHI,2023,,,,,
Goran Dragić,CHI,2023,,,,,
Andre Drummond,CHI,2023,,,,,
Javonte Green,CHI,2023,,,,,
Malcolm Hill,CHI,2023,,,,,
Carlik Jones,CHI,2023,,,,,
Derrick Jones Jr.,CHI,2023,,,,,
Zach LaVine,CHI,2023,,,,,
Marko Simonovic,CHI,2023,,,,,
Terry Taylor,CHI,2023,,,,,
Dalen Terry,CHI,2023,,,,,
Nikola Vučević,CHI,2023,,,,,
Coby White,CHI,2023,,,,,
Patrick Williams,CHI,2023,,,,,
Jarrett Allen,CLE,2023,,,,,
Mamadi Diakite,CLE,2023,,,,,
Darius Garland,CLE,2023,,,,,
Danny Green,CLE,2023,,,,,
Caris LeVert,CLE,2023,,,,,
Robin Lopez,CLE,2023,,,,,
Kevin Love,CLE,2023,,,,,
Sam Merrill,CLE,2023,,,,,
Donovan Mitchell,CLE,2023,,,,,
Evan Mobley,CLE,2023,,,,,
Isaiah Mobley,CLE,2023,,,,,
Raul Neto,CLE,2023,,,,,
Isaac Okoro,CLE,2023,,,,,
Cedi Osman,CLE,2023,,,,,
Ricky Rubio,CLE,2023,,,,,
Lamar Stevens,CLE,2023,,,,,
Dean Wade,CLE,2023,,,,,
Dylan Windler,CLE,2023,,,,,
Dāvis Bertāns,DAL,2023,,,,,
Reggie Bullock,DAL,2023,,,,,
Facundo Campazzo,DAL,2023,,,,,
Spencer Dinwiddie,DAL,2023,,,,,
Luka Dončić,DAL,2023,,,,,
Tyler Dorsey,DAL,2023,,,,,
Dorian Finney-Smith,DAL,2023,,,,,
Josh Green,DAL,2023,,,,,
Tim Hardaway Jr.,DAL,2023,,,,,
Jaden Hardy,DAL,2023,,,,,
Justin Holiday,DAL,2023,,,,,
Kyrie Irving,DAL,2023,,,,,
Maxi Kleber,DAL,2023,,,,,
A.J. Lawson,DAL,2023,,,,,
JaVale McGee,DAL,2023,,,,,
Markieff Morris,DAL,2023,,,,,
Frank Ntilikina,DAL,2023,,,,,
Theo Pinson,DAL,2023,,,,,
Dwight Powell,DAL,2023,,,,,
Chris Silva,DAL,2023,,,,,
Kemba Walker,DAL,2023,,,,,
Christian Wood,DAL,2023,,,,,
McKinley Wright IV,DAL,2023,,,,,
Christian Braun,DEN,2023,,,,,
Bruce Brown,DEN,2023,,,,,
Thomas Bryant,DEN,2023,,,,,
Kentavious Caldwell-Pope,DEN,2023,,,,,
Vlatko Čančar,DEN,2023,,,,,
Aaron Gordon,DEN,2023,,,,,
Jeff Green,DEN,2023,,,,,
Bones Hyland,DEN,2023,,,,,
Reggie Jackson,DEN,2023,,,,,
Nikola Jokić,DEN,2023,,,,,
DeAndre Jordan,DEN,2023,,,,,
Jamal Murray,DEN,2023,,,,,
Zeke Nnaji,DEN,2023,,,,,
Michael Porter Jr.,DEN,2023,,,,,
Davon Reed,DEN,2023,,,,,
Ish Smith,DEN,2023,,,,,
Peyton Watson,DEN,2023,,,,,
Jack White,DEN,2023,,,,,
Marvin Bagley III,DET,2023,,,,,
Saddiq Bey,DET,2023,,,,,
Buddy Boeheim,DET,2023,,,,,
Bojan Bogdanović,DET,2023,,,,,
Alec Burks,DET,2023,,,,,
Cade Cunningham,DET,2023,,,,,
Hamidou Diallo,DET,2023,,,,,
Jalen Duren,DET,2023,,,,,
R.J. Hampton,DET,2023,,,,,
Killian Hayes,DET,2023,,,,,
Jaden Ivey,DET,2023,,,,,
Cory Joseph,DET,2023,,,,,
Braxton Key,DET,2023,,,,,
Kevin Knox,DET,2023,,,,,
Isaiah Livers,DET,2023,,,,,
Rodney McGruder,DET,2023,,,,,
Nerlens Noel,DET,2023,,,,,
Eugene Omoruyi,DET,2023,,,,,
Jared Rhoden,DET,2023,,,,,
Isaiah Stewart,DET,2023,,,,,
Stanley Umude,DET,2023,,,,,
James Wiseman,DET,2023,,,,,
Patrick Baldwin Jr.,GSW,2023,,,,,
Stephen Curry,GSW,2023,,,,,
Donte DiVincenzo,GSW,2023,,,,,
Draymond Green,GSW,2023,,,,,
JaMychal Green,GSW,2023,,,,,
Andre Iguodala,GSW,2023,,,,,
Ty Jerome,GSW,2023,,,,,
Jonathan Kuminga,GSW,2023,,,,,
Anthony Lamb,GSW,2023,,,,,
Kevon Looney,GSW,2023,,,,,
Moses Moody,GSW,2023,,,,,
Gary Payton II,GSW,2023,,,,,
Jordan Poole,GSW,2023,,,,,
Lester Quiñones,GSW,2023,,,,,
Ryan Rollins,GSW,2023,,,,,
Klay Thompson,GSW,2023,,,,,
Andrew Wiggins,GSW,2023,,,,,
James Wiseman,GSW,2023,,,,,
Josh Christopher,HOU,2023,,,,,
Darius Days,HOU,2023,,,,,
Tari Eason,HOU,2023,,,,,
Bruno Fernando,HOU,2023,,,,,
Usman Garuba,HOU,2023,,,,,
Eric Gordon,HOU,2023,,,,,
Jalen Green,HOU,2023,,,,,
Trevor Hudgins,HOU,2023,,,,,
Frank Kaminsky,HOU,2023,,,,,
Boban Marjanović,HOU,2023,,,,,
KJ Martin,HOU,2023,,,,,
Garrison Mathews,HOU,2023,,,,,
Daishen Nix,HOU,2023,,,,,
Kevin Porter Jr.,HOU,2023,,,,,
Alperen Şengün,HOU,2023,,,,,
Jabari Smith Jr.,HOU,2023,,,,,
Jae'Sean Tate,HOU,2023,,,,,
TyTy Washington Jr.,HOU,2023,,,,,
Goga Bitadze,IND,2023,,,,,
Oshae Brissett,IND,2023,,,,,
Kendall Brown,IND,2023,,,,,
Chris Duarte,IND,2023,,,,,
Tyrese Haliburton,IND,2023,,,,,
Buddy Hield,IND,2023,,,,,
George Hill,IND,2023,,,,,
Isaiah Jackson,IND,2023,,,,,
James Johnson,IND,2023,,,,,
Bennedict Mathurin,IND,2023,,,,,
T.J. McConnell,IND,2023,,,,,
Andrew Nembhard,IND,2023,,,,,
Aaron Nesmith,IND,2023,,,,,
Jordan Nwora,IND,2023,,,,,
Trevelin Queen,IND,2023,,,,,
Jalen Smith,IND,2023,,,,,
Terry Taylor,IND,2023,,,,,
Daniel Theis,IND,2023,,,,,
Myles Turner,IND,2023,,,,,
Gabe York,IND,2023,,,,,
Nicolas Batum,LAC,2023,,,,,
Brandon Boston Jr.,LAC,2023,,,,,
Moses Brown,LAC,2023,,,,,
Amir Coffey,LAC,2023,,,,,
Robert Covington,LAC,2023,,,,,
Moussa Diabaté,LAC,2023,,,,,
Paul George,LAC,2023,,,,,
Eric Gordon,LAC,2023,,,,,
Bones Hyland,LAC,2023,,,,,
Reggie Jackson,LAC,2023,,,,,
Luke Kennard,LAC,2023,,,,,
Kawhi Leonard,LAC,2023,,,,,
Terance Mann,LAC,2023,,,,,
Xavier Moon,LAC,2023,,,,,
Marcus Morris,LAC,2023,,,,,
Mason Plumlee,LAC,2023,,,,,
Norman Powell,LAC,2023,,,,,
Jason Preston,LAC,2023,,,,,
John Wall,LAC,2023,,,,,
Russell Westbrook,LAC,2023,,,,,
Ivica Zubac,LAC,2023,,,,,
Mo Bamba,LAL,2023,,,,,
Malik Beasley,LAL,2023,,,,,
Patrick Beverley,LAL,2023,,,,,
Sterling Brown,LAL,2023,,,,,
Troy Brown Jr.,LAL,2023,,,,,
Thomas Bryant,LAL,2023,,,,,
Max Christie,LAL,2023,,,,,
Anthony Davis,LAL,2023,,,,,
Wenyen Gabriel,LAL,2023,,,,,
Rui Hachimura,LAL,2023,,,,,
Shaquille Harrison,LAL,2023,,,,,
LeBron James,LAL,2023,,,,,
Damian Jones,LAL,2023,,,,,
Kendrick Nunn,LAL,2023,,,,,
Scotty Pippen Jr.,LAL,2023,,,,,
Austin Reaves,LAL,2023,,,,,
Davon Reed,LAL,2023,,,,,
D'Angelo Russell,LAL,2023,,,,,
Matt Ryan,LAL,2023,,,,,
Dennis Schröder,LAL,2023,,,,,
Cole Swider,LAL,2023,,,,,
Tristan Thompson,LAL,2023,,,,,
Juan Toscano-Anderson,LAL,2023,,,,,
Jarred Vanderbilt,LAL,2023,,,,,
Lonnie Walker IV,LAL,2023,,,,,
Russell Westbrook,LAL,2023,,,,,
Steven Adams,MEM,2023,,,,,
Santi Aldama,MEM,2023,,,,,
Desmond Bane,MEM,2023,,,,,
Dillon Brooks,MEM,2023,,,,,
Kennedy Chandler,MEM,2023,,,,,
Brandon Clarke,MEM,2023,,,,,
Jacob Gilyard,MEM,2023,,,,,
Danny Green,MEM,2023,,,,,
Jaren Jackson Jr.,MEM,2023,,,,,
Tyus Jones,MEM,2023,,,,,
Luke Kennard,MEM,2023,,,,,
John Konchar,MEM,2023,,,,,
Jake LaRavia,MEM,2023,,,,,
Kenneth Lofton Jr.,MEM,2023,,,,,
Ja Morant,MEM,2023,,,,,
David Roddy,MEM,2023,,,,,
Xavier Tillman Sr.,MEM,2023,,,,,
Vince Williams Jr.,MEM,2023,,,,,
Ziaire Williams,MEM,2023,,,,,
Bam Adebayo,MIA,2023,,,,,
Jamaree Bouyea,MIA,2023,,,,,
Jimmy Butler,MIA,2023,,,,,
Jamal Cain,MIA,2023,,,,,
Dewayne Dedmon,MIA,2023,,,,,
Udonis Haslem,MIA,2023,,,,,
Tyler Herro,MIA,2023,,,,,
Haywood Highsmith,MIA,2023,,,,,
Nikola Jović,MIA,2023,,,,,
Kevin Love,MIA,2023,,,,,
Kyle Lowry,MIA,2023,,,,,
Caleb Martin,MIA,2023,,,,,
Victor Oladipo,MIA,2023,,,,,
Duncan Robinson,MIA,2023,,,,,
Orlando Robinson,MIA,2023,,,,,
Dru Smith,MIA,2023,,,,,
Max Strus,MIA,2023,,,,,
Gabe Vincent,MIA,2023,,,,,
Omer Yurtseven,MIA,2023,,,,,
Cody Zeller,MIA,2023,,,,,
Grayson Allen,MIL,2023,,,,,
Giannis Antetokounmpo,MIL,2023,,,,,
Thanasis Antetokounmpo,MIL,2023,,,,,
MarJon Beauchamp,MIL,2023,,,,,
Jevon Carter,MIL,2023,,,,,
Pat Connaughton,MIL,2023,,,,,
Jae Crowder,MIL,2023,,,,,
Goran Dragić,MIL,2023,,,,,
A.J. Green,MIL,2023,,,,,
George Hill,MIL,2023,,,,,
Jrue Holiday,MIL,2023,,,,,
Serge Ibaka,MIL,2023,,,,,
Joe Ingles,MIL,2023,,,,,
Meyers Leonard,MIL,2023,,,,,
Brook Lopez,MIL,2023,,,,,
Sandro Mamukelashvili,MIL,2023,,,,,
Wesley Matthews,MIL,2023,,,,,
Khris Middleton,MIL,2023,,,,,
Jordan Nwora,MIL,2023,,,,,
Bobby Portis,MIL,2023,,,,,
Lindell Wigginton,MIL,2023,,,,,
Nickeil Alexander-Walker,MIN,2023,,,,,
Kyle Anderson,MIN,2023,,,,,
Mike Conley,MIN,2023,,,,,
Anthony Edwards,MIN,2023,,,,,
Bryn Forbes,MIN,2023,,,,,
Luka Garza,MIN,2023,,,,,
Rudy Gobert,MIN,2023,,,,,
Nathan Knight,MIN,2023,,,,,
A.J. Lawson,MIN,2023,,,,,
Jaden McDaniels,MIN,2023,,,,,
Jordan McLaughlin,MIN,2023,,,,,
Josh Minott,MIN,2023,,,,,
Wendell Moore Jr.,MIN,2023,,,,,
Jaylen Nowell,MIN,2023,,,,,
Taurean Prince,MIN,2023,,,,,
Naz Reid,MIN,2023,,,,,
Austin Rivers,MIN,2023,,,,,
D'Angelo Russell,MIN,2023,,,,,
Matt Ryan,MIN,2023,,,,,
Karl-Anthony Towns,MIN,2023,,,,,
Jose Alvarado,NOP,2023,,,,,
Dyson Daniels,NOP,2023,,,,,
Devonte' Graham,NOP,2023,,,,,
Jaxson Hayes,NOP,2023,,,,,
Willy Hernangómez,NOP,2023,,,,,
Brandon Ingram,NOP,2023,,,,,
Herbert Jones,NOP,2023,,,,,
Kira Lewis Jr.,NOP,2023,,,,,
Naji Marshall,NOP,2023,,,,,
CJ McCollum,NOP,2023,,,,,
Trey Murphy III,NOP,2023,,,,,
Larry Nance Jr.,NOP,2023,,,,,
Josh Richardson,NOP,2023,,,,,
Dereon Seabron,NOP,2023,,,,,
Garrett Temple,NOP,2023,,,,,
Jonas Valančiūnas,NOP,2023,,,,,
Zion Williamson,NOP,2023,,,,,
Ryan Arcidiacono,NYK,2023,,,,,
RJ Barrett,NYK,2023,,,,,
Jalen Brunson,NYK,2023,,,,,
Evan Fournier,NYK,2023,,,,,
Quentin Grimes,NYK,2023,,,,,
Josh Hart,NYK,2023,,,,,
Isaiah Hartenstein,NYK,2023,,,,,
DaQuan Jeffries,NYK,2023,,,,,
Trevor Keels,NYK,2023,,,,,
Miles McBride,NYK,2023,,,,,
Svi Mykhailiuk,NYK,2023,,,,,
Immanuel Quickley,NYK,2023,,,,,
Julius Randle,NYK,2023,,,,,
Cam Reddish,NYK,2023,,,,,
Mitchell Robinson,NYK,2023,,,,,
Derrick Rose,NYK,2023,,,,,
Jericho Sims,NYK,2023,,,,,
Obi Toppin,NYK,2023,,,,,
Darius Bazley,OKC,2023,,,,,
Jared Butler,OKC,2023,,,,,
Ousmane Dieng,OKC,2023,,,,,
Luguentz Dort,OKC,2023,,,,,
Josh Giddey,OKC,2023,,,,,
Shai Gilgeous-Alexander,OKC,2023,,,,,
Isaiah Joe,OKC,2023,,,,,
Tre Mann,OKC,2023,,,,,
Mike Muscala,OKC,2023,,,,,
Eugene Omoruyi,OKC,2023,,,,,
Aleksej Pokusevski,OKC,2023,,,,,
Jeremiah Robinson-Earl,OKC,2023,,,,,
Dario Šarić,OKC,2023,,,,,
Olivier Sarr,OKC,2023,,,,,
Lindy Waters III,OKC,2023,,,,,
Aaron Wiggins,OKC,2023,,,,,
Jalen Williams,OKC,2023,,,,,
Jaylin Williams,OKC,2023,,,,,
Kenrich Williams,OKC,2023,,,,,
Cole Anthony,ORL,2023,,,,,
Mo Bamba,ORL,2023,,,,,
Paolo Banchero,ORL,2023,,,,,
Goga Bitadze,ORL,2023,,,,,
Bol Bol,ORL,2023,,,,,
Wendell Carter Jr.,ORL,2023,,,,,
Michael Carter-Williams,ORL,2023,,,,,
Markelle Fultz,ORL,2023,,,,,
R.J. Hampton,ORL,2023,,,,,
Gary Harris,ORL,2023,,,,,
Kevon Harris,ORL,2023,,,,,
Caleb Houstan,ORL,2023,,,,,
Jonathan Isaac,ORL,2023,,,,,
Chuma Okeke,ORL,2023,,,,,
Terrence Ross,ORL,2023,,,,,
Admiral Schofield,ORL,2023,,,,,
Jay Scrubb,ORL,2023,,,,,
Jalen Suggs,ORL,2023,,,,,
Franz Wagner,ORL,2023,,,,,
Moritz Wagner,ORL,2023,,,,,
Julian Champagnie,PHI,2023,,,,,
Dewayne Dedmon,PHI,2023,,,,,
Joel Embiid,PHI,2023,,,,,
Michael Foster Jr.,PHI,2023,,,,,
James Harden,PHI,2023,,,,,
Montrezl Harrell,PHI,2023,,,,,
Tobias Harris,PHI,2023,,,,,
Danuel House Jr.,PHI,2023,,,,,
Louis King,PHI,2023,,,,,
Furkan Korkmaz,PHI,2023,,,,,
Saben Lee,PHI,2023,,,,,
Tyrese Maxey,PHI,2023,,,,,
Mac McClung,PHI,2023,,,,,
Jalen McDaniels,PHI,2023,,,,,
De'Anthony Melton,PHI,2023,,,,,
Shake Milton,PHI,2023,,,,,
Georges Niang,PHI,2023,,,,,
Paul Reed,PHI,2023,,,,,
Jaden Springer,PHI,2023,,,,,
Matisse Thybulle,PHI,2023,,,,,
P.J. Tucker,PHI,2023,,,,,
Deandre Ayton,PHO,2023,,,,,
Darius Bazley,PHO,2023,,,,,
Bismack Biyombo,PHO,2023,,,,,
Devin Booker,PHO,2023,,,,,
Mikal Bridges,PHO,2023,,,,,
Torrey Craig,PHO,2023,,,,,
Kevin Durant,PHO,2023,,,,,
Cameron Johnson,PHO,2023,,,,,
Jock Landale,PHO,2023,,,,,
Damion Lee,PHO,2023,,,,,
Saben Lee,PHO,2023,,,,,
Josh Okogie,PHO,2023,,,,,
Chris Paul,PHO,2023,,,,,
Cameron Payne,PHO,2023,,,,,
Terrence Ross,PHO,2023,,,,,
Dario Šarić,PHO,2023,,,,,
Landry Shamet,PHO,2023,,,,,
Ish Wainright,PHO,2023,,,,,
T.J. Warren,PHO,2023,,,,,
Duane Washington Jr.,PHO,2023,,,,,
Ryan Arcidiacono,POR,2023,,,,,
Greg Brown III,POR,2023,,,,,
John Butler,POR,2023,,,,,
Chance Comanche,POR,2023,,,,,
Drew Eubanks,POR,2023,,,,,
Jerami Grant,POR,2023,,,,,
Shaquille Harrison,POR,2023,,,,,
Josh Hart,POR,2023,,,,,
Keon Johnson,POR,2023,,,,,
Kevin Knox,POR,2023,,,,,
Damian Lillard,POR,2023,,,,,
Nassir Little,POR,2023,,,,,
Skylar Mays,POR,2023,,,,,
Justin Minaya,POR,2023,,,,,
Jusuf Nurkić,POR,2023,,,,,
Gary Payton II,POR,2023,,,,,
Cam Reddish,POR,2023,,,,,
Shaedon Sharpe,POR,2023,,,,,
Anfernee Simons,POR,2023,,,,,
Matisse Thybulle,POR,2023,,,,,
Jabari Walker,POR,2023,,,,,
Trendon Watford,POR,2023,,,,,
Jeenathan Williams,POR,2023,,,,,
Justise Winslow,POR,2023,,,,,
Harrison Barnes,SAC,2023,,,,,
Deonte Burton,SAC,2023,,,,,
Terence Davis,SAC,2023,,,,,
Matthew Dellavedova,SAC,2023,,,,,
PJ Dozier,SAC,2023,,,,,
Kessler Edwards,SAC,2023,,,,,
Keon Ellis,SAC,2023,,,,,
De'Aaron Fox,SAC,2023,,,,,
Richaun Holmes,SAC,2023,,,,,
Kevin Huerter,SAC,2023,,,,,
Alex Len,SAC,2023,,,,,
Trey Lyles,SAC,2023,,,,,
Chimezie Metu,SAC,2023,,,,,
Davion Mitchell,SAC,2023,,,,,
Chima Moneke,SAC,2023,,,,,
Malik Monk,SAC,2023,,,,,
Keegan Murray,SAC,2023,,,,,
KZ Okpala,SAC,2023,,,,,
Neemias Queta,SAC,2023,,,,,
Domantas Sabonis,SAC,2023,,,,,
Dominick Barlow,SAS,2023,,,,,
Charles Bassey,SAS,2023,,,,,
Keita Bates-Diop,SAS,2023,,,,,
Malaki Branham,SAS,2023,,,,,
Julian Champagnie,SAS,2023,,,,,
Zach Collins,SAS,2023,,,,,
Gorgui Dieng,SAS,2023,,,,,
Devonte' Graham,SAS,2023,,,,,
Jordan Hall,SAS,2023,,,,,
Alize Johnson,SAS,2023,,,,,
Keldon Johnson,SAS,2023,,,,,
Stanley Johnson,SAS,2023,,,,,
Tre Jones,SAS,2023,,,,,
Romeo Langford,SAS,2023,,,,,
Sandro Mamukelashvili,SAS,2023,,,,,
Doug McDermott,SAS,2023,,,,,
Jakob Poeltl,SAS,2023,,,,,
Joshua Primo,SAS,2023,,,,,
Josh Richardson,SAS,2023,,,,,
Isaiah Roby,SAS,2023,,,,,
Jeremy Sochan,SAS,2023,,,,,
Devin Vassell,SAS,2023,,,,,
Blake Wesley,SAS,2023,,,,,
Precious Achiuwa,TOR,2023,,,,,
OG Anunoby,TOR,2023,,,,,
Dalano Banton,TOR,2023,,,,,
Scottie Barnes,TOR,2023,,,,,
Will Barton,TOR,2023,,,,,
Khem Birch,TOR,2023,,,,,
Chris Boucher,TOR,2023,,,,,
Justin Champagnie,TOR,2023,,,,,
Jeff Dowtin Jr.,TOR,2023,,,,,
Malachi Flynn,TOR,2023,,,,,
Ron Harper Jr.,TOR,2023,,,,,
Juancho Hernangómez,TOR,2023,,,,,
Christian Koloko,TOR,2023,,,,,
Jakob Poeltl,TOR,2023,,,,,
Otto Porter Jr.,TOR,2023,,,,,
Pascal Siakam,TOR,2023,,,,,
Gary Trent Jr.,TOR,2023,,,,,
Fred VanVleet,TOR,2023,,,,,
Joe Wieskamp,TOR,2023,,,,,
Thaddeus Young,TOR,2023,,,,,
Ochai Agbaji,UTA,2023,,,,,
Nickeil Alexander-Walker,UTA,2023,,,,,
Udoka Azubuike,UTA,2023,,,,,
Malik Beasley,UTA,2023,,,,,
Leandro Bolmaro,UTA,2023,,,,,
Jarrell Brantley,UTA,2023,,,,,
Jordan Clarkson,UTA,2023,,,,,
Mike Conley,UTA,2023,,,,,
Kris Dunn,UTA,2023,,,,,
Simone Fontecchio,UTA,2023,,,,,
Rudy Gay,UTA,2023,,,,,
Talen Horton-Tucker,UTA,2023,,,,,
Frank Jackson,UTA,2023,,,,,
Damian Jones,UTA,2023,,,,,
Johnny Juzang,UTA,2023,,,,,
Walker Kessler,UTA,2023,,,,,
Lauri Markkanen,UTA,2023,,,,,
Kelly Olynyk,UTA,2023,,,,,
Micah Potter,UTA,2023,,,,,
Luka Šamanić,UTA,2023,,,,,
Collin Sexton,UTA,2023,,,,,
Juan Toscano-Anderson,UTA,2023,,,,,
Jarred Vanderbilt,UTA,2023,,,,,
Deni Avdija,WAS,2023,,,,,
Will Barton,WAS,2023,,,,,
Bradley Beal,WAS,2023,,,,,
Jamaree Bouyea,WAS,2023,,,,,
Vernon Carey Jr.,WAS,2023,,,,,
Xavier Cooks,WAS,2023,,,,,
Johnny Davis,WAS,2023,,,,,
Devon Dotson,WAS,2023,,,,,
Daniel Gafford,WAS,2023,,,,,
Taj Gibson,WAS,2023,,,,,
Anthony Gill,WAS,2023,,,,,
Jordan Goodwin,WAS,2023,,,,,
Rui Hachimura,WAS,2023,,,,,
Jay Huff,WAS,2023,,,,,
Quenton Jackson,WAS,2023,,,,,
Corey Kispert,WAS,2023,,,,,
Kyle Kuzma,WAS,2023,,,,,
Monte Morris,WAS,2023,,,,,
Kendrick Nunn,WAS,2023,,,,,
Kristaps Porziņģis,WAS,2023,,,,,
Jordan Schakel,WAS,2023,,,,,
Isaiah Todd,WAS,2023,,,,,
Delon Wright,WAS,2023,,,,,
Saddiq Bey,ATL,2024,,,,,
Bogdan Bogdanović,ATL,2024,,,,,
Kobe Bufkin,ATL,2024,,,,,
Clint Capela,ATL,2024,,,,,
Bruno Fernando,ATL,2024,,,,,
Trent Forrest,ATL,2024,,,,,
AJ Griffin,ATL,2024,,,,,
Mouhamed Gueye,ATL,2024,,,,,
De'Andre Hunter,ATL,2024,,,,,
Jalen Johnson,ATL,2024,,,,,
Vit Krejci,ATL,2024,,,,,
Seth Lundy,ATL,2024,,,,,
Garrison Mathews,ATL,2024,,,,,
Wesley Matthews,ATL,2024,,,,,
Patty Mills,ATL,2024,,,,,
Dejounte Murray,ATL,2024,,,,,
Onyeka Okongwu,ATL,2024,,,,,
Dylan Windler,ATL,2024,,,,,
Trae Young,ATL,2024,,,,,
Dalano Banton,BOS,2024,,,,,
Oshae Brissett,BOS,2024,,,,,
Jaylen Brown,BOS,2024,,,,,
JD Davison,BOS,2024,,,,,
Sam Hauser,BOS,2024,,,,,
Jrue Holiday,BOS,2024,,,,,
Al Horford,BOS,2024,,,,,
Luke Kornet,BOS,2024,,,,,
Svi Mykhailiuk,BOS,2024,,,,,
Drew Peterson,BOS,2024,,,,,
Kristaps Porziņģis,BOS,2024,,,,,
Payton Pritchard,BOS,2024,,,,,
Neemias Queta,BOS,2024,,,,,
Jaden Springer,BOS,2024,,,,,
Lamar Stevens,BOS,2024,,,,,
Jayson Tatum,BOS,2024,,,,,
Xavier Tillman Sr.,BOS,2024,,,,,
Jordan Walsh,BOS,2024,,,,,
Derrick White,BOS,2024,,,,,
Keita Bates-Diop,BRK,2024,,,,,
Mikal Bridges,BRK,2024,,,,,
Armoni Brooks,BRK,2024,,,,,
Nic Claxton,BRK,2024,,,,,
Noah Clowney,BRK,2024,,,,,
Spencer Dinwiddie,BRK,2024,,,,,
Dorian Finney-Smith,BRK,2024,,,,,
Harry Giles,BRK,2024,,,,,
Jacob Gilyard,BRK,2024,,,,,
Cameron Johnson,BRK,2024,,,,,
Keon Johnson,BRK,2024,,,,,
Dariq Whitehead,BRK,2024,,,,,
Royce O'Neale,BRK,2024,,,,,
Dennis Schröder,BRK,2024,,,,,
Day'Ron Sharpe,BRK,2024,,,,,
Ben Simmons,BRK,2024,,,,,
Dennis Smith Jr.,BRK,2024,,,,,
Cam Thomas,BRK,2024,,,,,
Lonnie Walker IV,BRK,2024,,,,,
Trendon Watford,BRK,2024,,,,,
Jalen Wilson,BRK,2024,,,,,
Amari Bailey,CHO,2024,,,,,
LaMelo Ball,CHO,2024,,,,,
Dāvis Bertāns,CHO,2024,,,,,
Leaky Black,CHO,2024,,,,,
Marques Bolden,CHO,2024,,,,,
James Bouknight,CHO,2024,,,,,
Miles Bridges,CHO,2024,,,,,
Seth Curry,CHO,2024,,,,,
Gordon Hayward,CHO,2024,,,,,
Théo Maledon,CHO,2024,,,,,
Tre Mann,CHO,2024,,,,,
Cody Martin,CHO,2024,,,,,
Bryce McGowens,CHO,2024,,,,,
Nathan Mensah,CHO,2024,,,,,
Vasilije Micić,CHO,2024,,,,,
Brandon Miller,CHO,2024,,,,,
Frank Ntilikina,CHO,2024,,,,,
Aleksej Pokusevski,CHO,2024,,,,,
Nick Richards,CHO,2024,,,,,
Terry Rozier,CHO,2024,,,,,
Ish Smith,CHO,2024,,,,,
Nick Smith Jr.,CHO,2024,,,,,
JT Thor,CHO,2024,,,,,
P.J. Washington,CHO,2024,,,,,
Grant Williams,CHO,2024,,,,,
Mark Williams,CHO,2024,,,,,
Onuralp Bitim,CHI,2024,,,,,
Jevon Carter,CHI,2024,,,,,
Alex Caruso,CHI,2024,,,,,
Torrey Craig,CHI,2024,,,,,
DeMar DeRozan,CHI,2024,,,,,
Ayo Dosunmu,CHI,2024,,,,,
Henri Drell,CHI,2024,,,,,
Andre Drummond,CHI,2024,,,,,
Andrew Funk,CHI,2024,,,,,
Javonte Green,CHI,2024,,,,,
Zach LaVine,CHI,2024,,,,,
Julian Phillips,CHI,2024,,,,,
Adama Sanogo,CHI,2024,,,,,
Terry Taylor,CHI,2024,,,,,
Dalen Terry,CHI,2024,,,,,
Nikola Vučević,CHI,2024,,,,,
Coby White,CHI,2024,,,,,
Patrick Williams,CHI,2024,,,,,
Jarrett Allen,CLE,2024,,,,,
Emoni Bates,CLE,2024,,,,,
Darius Garland,CLE,2024,,,,,
Ty Jerome,CLE,2024,,,,,
Damian Jones,CLE,2024,,,,,
Caris LeVert,CLE,2024,,,,,
Sam Merrill,CLE,2024,,,,,
Donovan Mitchell,CLE,2024,,,,,
Evan Mobley,CLE,2024,,,,,
Isaiah Mobley,CLE,2024,,,,,
Marcus Morris,CLE,2024,,,,,
Pete Nance,CLE,2024,,,,,
Georges Niang,CLE,2024,,,,,
Isaac Okoro,CLE,2024,,,,,
Craig Porter Jr.,CLE,2024,,,,,
Max Strus,CLE,2024,,,,,
Tristan Thompson,CLE,2024,,,,,
Dean Wade,CLE,2024,,,,,
Greg Brown III,DAL,2024,,,,,
Seth Curry,DAL,2024,,,,,
Dexter Dennis,DAL,2024,,,,,
Luka Dončić,DAL,2024,,,,,
Dante Exum,DAL,2024,,,,,
Alex Fudge,DAL,2024,,,,,
Daniel Gafford,DAL,2024,,,,,
Josh Green,DAL,2024,,,,,
Tim Hardaway Jr.,DAL,2024,,,,,
Jaden Hardy,DAL,2024,,,,,
Richaun Holmes,DAL,2024,,,,,
Kyrie Irving,DAL,2024,,,,,
Derrick Jones Jr.,DAL,2024,,,,,
Maxi Kleber,DAL,2024,,,,,
A.J. Lawson,DAL,2024,,,,,
Dereck Lively II,DAL,2024,,,,,
Markieff Morris,DAL,2024,,,,,
Dwight Powell,DAL,2024,,,,,
Olivier-Maxence Prosper,DAL,2024,,,,,
P.J. Washington,DAL,2024,,,,,
Brandon Williams,DAL,2024,,,,,
Grant Williams,DAL,2024,,,,,
Christian Braun,DEN,2024,,,,,
Kentavious Caldwell-Pope,DEN,2024,,,,,
Collin Gillespie,DEN,2024,,,,,
Aaron Gordon,DEN,2024,,,,,
Justin Holiday,DEN,2024,,,,,
Jay Huff,DEN,2024,,,,,
Reggie Jackson,DEN,2024,,,,,
Nikola Jokić,DEN,2024,,,,,
DeAndre Jordan,DEN,2024,,,,,
Braxton Key,DEN,2024,,,,,
Jamal Murray,DEN,2024,,,,,
Zeke Nnaji,DEN,2024,,,,,
Jalen Pickett,DEN,2024,,,,,
Michael Porter Jr.,DEN,2024,,,,,
Julian Strawther,DEN,2024,,,,,
Hunter Tyson,DEN,2024,,,,,
Peyton Watson,DEN,2024,,,,,
Marvin Bagley III,DET,2024,,,,,
Buddy Boeheim,DET,2024,,,,,
Bojan Bogdanović,DET,2024,,,,,
Troy Brown Jr.,DET,2024,,,,,
Alec Burks,DET,2024,,,,,
Malcolm Cazalon,DET,2024,,,,,
Cade Cunningham,DET,2024,,,,,
Jalen Duren,DET,2024,,,,,
Tosan Evbuomwan,DET,2024,,,,,
Malachi Flynn,DET,2024,,,,,
Simone Fontecchio,DET,2024,,,,,
Evan Fournier,DET,2024,,,,,
Danilo Gallinari,DET,2024,,,,,
Taj Gibson,DET,2024,,,,,
Quentin Grimes,DET,2024,,,,,
Joe Harris,DET,2024,,,,,
Killian Hayes,DET,2024,,,,,
Jaden Ivey,DET,2024,,,,,
Kevin Knox,DET,2024,,,,,
Isaiah Livers,DET,2024,,,,,
Chimezie Metu,DET,2024,,,,,
Shake Milton,DET,2024,,,,,
Monte Morris,DET,2024,,,,,
Mike Muscala,DET,2024,,,,,
Jaylen Nowell,DET,2024,,,,,
Jared Rhoden,DET,2024,,,,,
Marcus Sasser,DET,2024,,,,,
Isaiah Stewart,DET,2024,,,,,
Ausar Thompson,DET,2024,,,,,
Stanley Umude,DET,2024,,,,,
James Wiseman,DET,2024,,,,,
Stephen Curry,GSW,2024,,,,,
Usman Garuba,GSW,2024,,,,,
Draymond Green,GSW,2024,,,,,
Trayce Jackson-Davis,GSW,2024,,,,,
Cory Joseph,GSW,2024,,,,,
Jonathan Kuminga,GSW,2024,,,,,
Kevon Looney,GSW,2024,,,,,
Moses Moody,GSW,2024,,,,,
Chris Paul,GSW,2024,,,,,
Gary Payton II,GSW,2024,,,,,
Brandin Podziemski,GSW,2024,,,,,
Lester Quiñones,GSW,2024,,,,,
Jerome Robinson,GSW,2024,,,,,
Gui Santos,GSW,2024,,,,,
Dario Šarić,GSW,2024,,,,,
Pat Spencer,GSW,2024,,,,,
Klay Thompson,GSW,2024,,,,,
Andrew Wiggins,GSW,2024,,,,,
Dillon Brooks,HOU,2024,,,,,
Reggie Bullock,HOU,2024,,,,,
Tari Eason,HOU,2024,,,,,
Jalen Green,HOU,2024,,,,,
Jeff Green,HOU,2024,,,,,
Nate Hinton,HOU,2024,,,,,
Aaron Holiday,HOU,2024,,,,,
Jock Landale,HOU,2024,,,,,
Boban Marjanović,HOU,2024,,,,,
Jermaine Samuels,HOU,2024,,,,,
Alperen Şengün,HOU,2024,,,,,
Jabari Smith Jr.,HOU,2024,,,,,
Jae'Sean Tate,HOU,2024,,,,,
Amen Thompson,HOU,2024,,,,,
Fred VanVleet,HOU,2024,,,,,
Cam Whitmore,HOU,2024,,,,,
Jeenathan Williams,HOU,2024,,,,,
Bruce Brown,IND,2024,,,,,
Kendall Brown,IND,2024,,,,,
Tyrese Haliburton,IND,2024,,,,,
Buddy Hield,IND,2024,,,,,
Isaiah Jackson,IND,2024,,,,,
Quenton Jackson,IND,2024,,,,,
James Johnson,IND,2024,,,,,
Bennedict Mathurin,IND,2024,,,,,
T.J. McConnell,IND,2024,,,,,
Doug McDermott,IND,2024,,,,,
Andrew Nembhard,IND,2024,,,,,
Aaron Nesmith,IND,2024,,,,,
Jordan Nwora,IND,2024,,,,,
Ben Sheppard,IND,2024,,,,,
Pascal Siakam,IND,2024,,,,,
Jalen Smith,IND,2024,,,,,
Daniel Theis,IND,2024,,,,,
Obi Toppin,IND,2024,,,,,
Oscar Tshiebwe,IND,2024,,,,,
Myles Turner,IND,2024,,,,,
Jarace Walker,IND,2024,,,,,
Isaiah Wong,IND,2024,,,,,
Nicolas Batum,LAC,2024,,,,,
Brandon Boston Jr.,LAC,2024,,,,,
Kobe Brown,LAC,2024,,,,,
Amir Coffey,LAC,2024,,,,,
Robert Covington,LAC,2024,,,,,
Moussa Diabaté,LAC,2024,,,,,
Paul George,LAC,2024,,,,,
James Harden,LAC,2024,,,,,
Bones Hyland,LAC,2024,,,,,
Kawhi Leonard,LAC,2024,,,,,
Terance Mann,LAC,2024,,,,,
KJ Martin,LAC,2024,,,,,
Jordan Miller,LAC,2024,,,,,
Xavier Moon,LAC,2024,,,,,
Mason Plumlee,LAC,2024,,,,,
Norman Powell,LAC,2024,,,,,
Joshua Primo,LAC,2024,,,,,
Daniel Theis,LAC,2024,,,,,
P.J. Tucker,LAC,2024,,,,,
Russell Westbrook,LAC,2024,,,,,
Ivica Zubac,LAC,2024,,,,,
Colin Castleton,LAL,2024,,,,,
Max Christie,LAL,2024,,,,,
Anthony Davis,LAL,2024,,,,,
Spencer Dinwiddie,LAL,2024,,,,,
Alex Fudge,LAL,2024,,,,,
Harry Giles,LAL,2024,,,,,
Rui Hachimura,LAL,2024,,,,,
Jaxson Hayes,LAL,2024,,,,,
D'Moi Hodge,LAL,2024,,,,,
Jalen Hood-Schifino,LAL,2024,,,,,
LeBron James,LAL,2024,,,,,
Maxwell Lewis,LAL,2024,,,,,
Skylar Mays,LAL,2024,,,,,
Taurean Prince,LAL,2024,,,,,
Austin Reaves,LAL,2024,,,,,
Cam Reddish,LAL,2024,,,,,
D'Angelo Russell,LAL,2024,,,,,
Jarred Vanderbilt,LAL,2024,,,,,
Gabe Vincent,LAL,2024,,,,,
Dylan Windler,LAL,2024,,,,,
Christian Wood,LAL,2024,,,,,
Santi Aldama,MEM,2024,,,,,
Timmy Allen,MEM,2024,,,,,
Desmond Bane,MEM,2024,,,,,
Bismack Biyombo,MEM,2024,,,,,
Brandon Clarke,MEM,2024,,,,,
Tosan Evbuomwan,MEM,2024,,,,,
Wenyen Gabriel,MEM,2024,,,,,
Jacob Gilyard,MEM,2024,,,,,
Jordan Goodwin,MEM,2024,,,,,
Shaquille Harrison,MEM,2024,,,,,
Matthew Hurt,MEM,2024,,,,,
GG Jackson II,MEM,2024,,,,,
Jaren Jackson Jr.,MEM,2024,,,,,
DeJon Jarreau,MEM,2024,,,,,
Trey Jemison,MEM,2024,,,,,
Luke Kennard,MEM,2024,,,,,
John Konchar,MEM,2024,,,,,
Jake LaRavia,MEM,2024,,,,,
Kenneth Lofton Jr.,MEM,2024,,,,,
Ja Morant,MEM,2024,,,,,
Jaylen Nowell,MEM,2024,,,,,
Mãozinha Pereira,MEM,2024,,,,,
Scotty Pippen Jr.,MEM,2024,,,,,
David Roddy,MEM,2024,,,,,
Derrick Rose,MEM,2024,,,,,
Zavier Simpson,MEM,2024,,,,,
Marcus Smart,MEM,2024,,,,,
Lamar Stevens,MEM,2024,,,,,
Xavier Tillman Sr.,MEM,2024,,,,,
Yuta Watanabe,MEM,2024,,,,,
Jack White,MEM,2024,,,,,
Vince Williams Jr.,MEM,2024,,,,,
Ziaire Williams,MEM,2024,,,,,
Bam Adebayo,MIA,2024,,,,,
Thomas Bryant,MIA,2024,,,,,
Jimmy Butler,MIA,2024,,,,,
Jamal Cain,MIA,2024,,,,,
R.J. Hampton,MIA,2024,,,,,
Tyler Herro,MIA,2024,,,,,
Haywood Highsmith,MIA,2024,,,,,
Jaime Jaquez Jr.,MIA,2024,,,,,
Nikola Jović,MIA,2024,,,,,
Kevin Love,MIA,2024,,,,,
Kyle Lowry,MIA,2024,,,,,
Caleb Martin,MIA,2024,,,,,
Patty Mills,MIA,2024,,,,,
Josh Richardson,MIA,2024,,,,,
Duncan Robinson,MIA,2024,,,,,
Orlando Robinson,MIA,2024,,,,,
Terry Rozier,MIA,2024,,,,,
Dru Smith,MIA,2024,,,,,
Cole Swider,MIA,2024,,,,,
Alondes Williams,MIA,2024,,,,,
Delon Wright,MIA,2024,,,,,
Giannis Antetokounmpo,MIL,2024,,,,,
Thanasis Antetokounmpo,MIL,2024,,,,,
Malik Beasley,MIL,2024,,,,,
MarJon Beauchamp,MIL,2024,,,,,
Patrick Beverley,MIL,2024,,,,,
Marques Bolden,MIL,2024,,,,,
Pat Connaughton,MIL,2024,,,,,
Jae Crowder,MIL,2024,,,,,
Danilo Gallinari,MIL,2024,,,,,
A.J. Green,MIL,2024,,,,,
Andre Jackson Jr.,MIL,2024,,,,,
Damian Lillard,MIL,2024,,,,,
Chris Livingston,MIL,2024,,,,,
Brook Lopez,MIL,2024,,,,,
Robin Lopez,MIL,2024,,,,,
Khris Middleton,MIL,2024,,,,,
Cameron Payne,MIL,2024,,,,,
Bobby Portis,MIL,2024,,,,,
Ryan Rollins,MIL,2024,,,,,
TyTy Washington Jr.,MIL,2024,,,,,
Lindell Wigginton,MIL,2024,,,,,
Nickeil Alexander-Walker,MIN,2024,,,,,
Kyle Anderson,MIN,2024,,,,,
Troy Brown Jr.,MIN,2024,,,,,
Mike Conley,MIN,2024,,,,,
Anthony Edwards,MIN,2024,,,,,
Luka Garza,MIN,2024,,,,,
Rudy Gobert,MIN,2024,,,,,
Justin Jackson,MIN,2024,,,,,
Jaden McDaniels,MIN,2024,,,,,
Jordan McLaughlin,MIN,2024,,,,,
Leonard Miller,MIN,2024,,,,,
Shake Milton,MIN,2024,,,,,
Josh Minott,MIN,2024,,,,,
Wendell Moore Jr.,MIN,2024,,,,,
Monte Morris,MIN,2024,,,,,
Daishen Nix,MIN,2024,,,,,
Naz Reid,MIN,2024,,,,,
Karl-Anthony Towns,MIN,2024,,,,,
T.J. Warren,MIN,2024,,,,,
Jose Alvarado,NOP,2024,,,,,
Izaiah Brockington,NOP,2024,,,,,
Jalen Crutcher,NOP,2024,,,,,
Dyson Daniels,NOP,2024,,,,,
Kaiser Gates,NOP,2024,,,,,
Jordan Hawkins,NOP,2024,,,,,
Brandon Ingram,NOP,2024,,,,,
Herbert Jones,NOP,2024,,,,,
Kira Lewis Jr.,NOP,2024,,,,,
E.J. Liddell,NOP,2024,,,,,
Naji Marshall,NOP,2024,,,,,
CJ McCollum,NOP,2024,,,,,
Trey Murphy III,NOP,2024,,,,,
Larry Nance Jr.,NOP,2024,,,,,
Jeremiah Robinson-Earl,NOP,2024,,,,,
Matt Ryan,NOP,2024,,,,,
Dereon Seabron,NOP,2024,,,,,
Jonas Valančiūnas,NOP,2024,,,,,
Zion Williamson,NOP,2024,,,,,
Cody Zeller,NOP,2024,,,,,
Precious Achiuwa,NYK,2024,,,,,
OG Anunoby,NYK,2024,,,,,
Ryan Arcidiacono,NYK,2024,,,,,
RJ Barrett,NYK,2024,,,,,
Bojan Bogdanović,NYK,2024,,,,,
Charlie Brown Jr.,NYK,2024,,,,,
Jalen Brunson,NYK,2024,,,,,
Alec Burks,NYK,2024,,,,,
Mamadi Diakite,NYK,2024,,,,,
Donte DiVincenzo,NYK,2024,,,,,
Malachi Flynn,NYK,2024,,,,,
Evan Fournier,NYK,2024,,,,,
Taj Gibson,NYK,2024,,,,,
Quentin Grimes,NYK,2024,,,,,
Josh Hart,NYK,2024,,,,,
Isaiah Hartenstein,NYK,2024,,,,,
DaQuan Jeffries,NYK,2024,,,,,
Miles McBride,NYK,2024,,,,,
Shake Milton,NYK,2024,,,,,
Immanuel Quickley,NYK,2024,,,,,
Julius Randle,NYK,2024,,,,,
Mitchell Robinson,NYK,2024,,,,,
Jericho Sims,NYK,2024,,,,,
Dmytro Skapintsev,NYK,2024,,,,,
Jacob Toppin,NYK,2024,,,,,
Dylan Windler,NYK,2024,,,,,
Dāvis Bertāns,OKC,2024,,,,,
Bismack Biyombo,OKC,2024,,,,,
Ousmane Dieng,OKC,2024,,,,,
Luguentz Dort,OKC,2024,,,,,
Adam Flagler,OKC,2024,,,,,
Josh Giddey,OKC,2024,,,,,
Shai Gilgeous-Alexander,OKC,2024,,,,,
Gordon Hayward,OKC,2024,,,,,
Chet Holmgren,OKC,2024,,,,,
Isaiah Joe,OKC,2024,,,,,
Keyontae Johnson,OKC,2024,,,,,
Tre Mann,OKC,2024,,,,,
Vasilije Micić,OKC,2024,,,,,
Mike Muscala,OKC,2024,,,,,
Aleksej Pokusevski,OKC,2024,,,,,
Olivier Sarr,OKC,2024,,,,,
Cason Wallace,OKC,2024,,,,,
Lindy Waters III,OKC,2024,,,,,
Aaron Wiggins,OKC,2024,,,,,
Jalen Williams,OKC,2024,,,,,
Jaylin Williams,OKC,2024,,,,,
Kenrich Williams,OKC,2024,,,,,
Cole Anthony,ORL,2024,,,,,
Paolo Banchero,ORL,2024,,,,,
Goga Bitadze,ORL,2024,,,,,
Anthony Black,ORL,2024,,,,,
Wendell Carter Jr.,ORL,2024,,,,,
Markelle Fultz,ORL,2024,,,,,
Gary Harris,ORL,2024,,,,,
Kevon Harris,ORL,2024,,,,,
Caleb Houstan,ORL,2024,,,,,
Jett Howard,ORL,2024,,,,,
Joe Ingles,ORL,2024,,,,,
Jonathan Isaac,ORL,2024,,,,,
Chuma Okeke,ORL,2024,,,,,
Trevelin Queen,ORL,2024,,,,,
Admiral Schofield,ORL,2024,,,,,
Jalen Suggs,ORL,2024,,,,,
Franz Wagner,ORL,2024,,,,,
Moritz Wagner,ORL,2024,,,,,
Mo Bamba,PHI,2024,,,,,
Nicolas Batum,PHI,2024,,,,,
Darius Bazley,PHI,2024,,,,,
Patrick Beverley,PHI,2024,,,,,
Ricky Council IV,PHI,2024,,,,,
Robert Covington,PHI,2024,,,,,
Jeff Dowtin Jr.,PHI,2024,,,,,
Joel Embiid,PHI,2024,,,,,
Danny Green,PHI,2024,,,,,
Tobias Harris,PHI,2024,,,,,
Buddy Hield,PHI,2024,,,,,
Danuel House Jr.,PHI,2024,,,,,
Furkan Korkmaz,PHI,2024,,,,,
Kenneth Lofton Jr.,PHI,2024,,,,,
Kyle Lowry,PHI,2024,,,,,
KJ Martin,PHI,2024,,,,,
Tyrese Maxey,PHI,2024,,,,,
De'Anthony Melton,PHI,2024,,,,,
Marcus Morris,PHI,2024,,,,,
Kelly Oubre Jr.,PHI,2024,,,,,
Cameron Payne,PHI,2024,,,,,
Filip Petrušev,PHI,2024,,,,,
Paul Reed,PHI,2024,,,,,
Javonte Smart,PHI,2024,,,,,
Terquavion Smith,PHI,2024,,,,,
Jaden Springer,PHI,2024,,,,,
P.J. Tucker,PHI,2024,,,,,
D.J. Wilson,PHI,2024,,,,,
Grayson Allen,PHO,2024,,,,,
Udoka Azubuike,PHO,2024,,,,,
Keita Bates-Diop,PHO,2024,,,,,
Bradley Beal,PHO,2024,,,,,
Bol Bol,PHO,2024,,,,,
Devin Booker,PHO,2024,,,,,
Kevin Durant,PHO,2024,,,,,
Drew Eubanks,PHO,2024,,,,,
Jordan Goodwin,PHO,2024,,,,,
Eric Gordon,PHO,2024,,,,,
Saben Lee,PHO,2024,,,,,
Nassir Little,PHO,2024,,,,,
Théo Maledon,PHO,2024,,,,,
Chimezie Metu,PHO,2024,,,,,
Jusuf Nurkić,PHO,2024,,,,,
Royce O'Neale,PHO,2024,,,,,
Josh Okogie,PHO,2024,,,,,
David Roddy,PHO,2024,,,,,
Isaiah Thomas,PHO,2024,,,,,
Ish Wainright,PHO,2024,,,,,
Yuta Watanabe,PHO,2024,,,,,
Thaddeus Young,PHO,2024,,,,,
Deandre Ayton,POR,2024,,,,,
Ibou Badji,POR,2024,,,,,
Dalano Banton,POR,2024,,,,,
Jamaree Bouyea,POR,2024,,,,,
Malcolm Brogdon,POR,2024,,,,,
Moses Brown,POR,2024,,,,,
Toumani Camara,POR,2024,,,,,
Jerami Grant,POR,2024,,,,,
Ashton Hagans,POR,2024,,,,,
Scoot Henderson,POR,2024,,,,,
Skylar Mays,POR,2024,,,,,
Justin Minaya,POR,2024,,,,,
Taze Moore,POR,2024,,,,,
Kris Murray,POR,2024,,,,,
Duop Reath,POR,2024,,,,,
Rayan Rupert,POR,2024,,,,,
Shaedon Sharpe,POR,2024,,,,,
Anfernee Simons,POR,2024,,,,,
Matisse Thybulle,POR,2024,,,,,
Ish Wainright,POR,2024,,,,,
Jabari Walker,POR,2024,,,,,
Robert Williams,POR,2024,,,,,
Harrison Barnes,SAC,2024,,,,,
Chris Duarte,SAC,2024,,,,,
Kessler Edwards,SAC,2024,,,,,
Keon Ellis,SAC,2024,,,,,
Jordan Ford,SAC,2024,,,,,
De'Aaron Fox,SAC,2024,,,,,
Kevin Huerter,SAC,2024,,,,,
Colby Jones,SAC,2024,,,,,
Mason Jones,SAC,2024,,,,,
Alex Len,SAC,2024,,,,,
Trey Lyles,SAC,2024,,,,,
JaVale McGee,SAC,2024,,,,,
Davion Mitchell,SAC,2024,,,,,
Malik Monk,SAC,2024,,,,,
Keegan Murray,SAC,2024,,,,,
Filip Petrušev,SAC,2024,,,,,
Domantas Sabonis,SAC,2024,,,,,
Jalen Slawson,SAC,2024,,,,,
Juan Toscano-Anderson,SAC,2024,,,,,
Sasha Vezenkov,SAC,2024,,,,,
Dominick Barlow,SAS,2024,,,,,
Charles Bassey,SAS,2024,,,,,
Jamaree Bouyea,SAS,2024,,,,,
Malaki Branham,SAS,2024,,,,,
Julian Champagnie,SAS,2024,,,,,
Sidy Cissoko,SAS,2024,,,,,
Zach Collins,SAS,2024,,,,,
Mamadi Diakite,SAS,2024,,,,,
David Duke Jr.,SAS,2024,,,,,
Devonte' Graham,SAS,2024,,,,,
RaiQuan Gray,SAS,2024,,,,,
Keldon Johnson,SAS,2024,,,,,
Tre Jones,SAS,2024,,,,,
Sandro Mamukelashvili,SAS,2024,,,,,
Doug McDermott,SAS,2024,,,,,
Cedi Osman,SAS,2024,,,,,
Jeremy Sochan,SAS,2024,,,,,
Devin Vassell,SAS,2024,,,,,
Victor Wembanyama,SAS,2024,,,,,
Blake Wesley,SAS,2024,,,,,
Precious Achiuwa,TOR,2024,,,,,
Ochai Agbaji,TOR,2024,,,,,
OG Anunoby,TOR,2024,,,,,
Scottie Barnes,TOR,2024,,,,,
RJ Barrett,TOR,2024,,,,,
Chris Boucher,TOR,2024,,,,,
Bruce Brown,TOR,2024,,,,,
D.J. Carton,TOR,2024,,,,,
Gradey Dick,TOR,2024,,,,,
Malachi Flynn,TOR,2024,,,,,
Javon Freeman-Liberty,TOR,2024,,,,,
Mouhamadou Gueye,TOR,2024,,,,,
Ron Harper Jr.,TOR,2024,,,,,
Kira Lewis Jr.,TOR,2024,,,,,
Jalen McDaniels,TOR,2024,,,,,
Markquis Nowell,TOR,2024,,,,,
Jordan Nwora,TOR,2024,,,,,
Kelly Olynyk,TOR,2024,,,,,
Jakob Poeltl,TOR,2024,,,,,
Jontay Porter,TOR,2024,,,,,
Otto Porter Jr.,TOR,2024,,,,,
Immanuel Quickley,TOR,2024,,,,,
Jahmi'us Ramsey,TOR,2024,,,,,
Dennis Schröder,TOR,2024,,,,,
Pascal Siakam,TOR,2024,,,,,
Kobi Simmons,TOR,2024,,,,,
Garrett Temple,TOR,2024,,,,,
Gary Trent Jr.,TOR,2024,,,,,
Malik Williams,TOR,2024,,,,,
Thaddeus Young,TOR,2024,,,,,
Ochai Agbaji,UTA,2024,,,,,
Darius Bazley,UTA,2024,,,,,
Jordan Clarkson,UTA,2024,,,,,
John Collins,UTA,2024,,,,,
Kris Dunn,UTA,2024,,,,,
Simone Fontecchio,UTA,2024,,,,,
Keyonte George,UTA,2024,,,,,
Taylor Hendricks,UTA,2024,,,,,
Talen Horton-Tucker,UTA,2024,,,,,
Johnny Juzang,UTA,2024,,,,,
Walker Kessler,UTA,2024,,,,,
Kira Lewis Jr.,UTA,2024,,,,,
Kenneth Lofton Jr.,UTA,2024,,,,,
Lauri Markkanen,UTA,2024,,,,,
Kelly Olynyk,UTA,2024,,,,,
Micah Potter,UTA,2024,,,,,
Jason Preston,UTA,2024,,,,,
Luka Šamanić,UTA,2024,,,,,
Brice Sensabaugh,UTA,2024,,,,,
Collin Sexton,UTA,2024,,,,,
Omer Yurtseven,UTA,2024,,,,,
Deni Avdija,WAS,2024,,,,,
Marvin Bagley III,WAS,2024,,,,,
Patrick Baldwin Jr.,WAS,2024,,,,,
Jules Bernard,WAS,2024,,,,,
Jared Butler,WAS,2024,,,,,
Justin Champagnie,WAS,2024,,,,,
Bilal Coulibaly,WAS,2024,,,,,
Johnny Davis,WAS,2024,,,,,
Hamidou Diallo,WAS,2024,,,,,
Daniel Gafford,WAS,2024,,,,,
Danilo Gallinari,WAS,2024,,,,,
Anthony Gill,WAS,2024,,,,,
Richaun Holmes,WAS,2024,,,,,
Trey Jemison,WAS,2024,,,,,
Tyus Jones,WAS,2024,,,,,
Corey Kispert,WAS,2024,,,,,
Kyle Kuzma,WAS,2024,,,,,
Mike Muscala,WAS,2024,,,,,
Eugene Omoruyi,WAS,2024,,,,,
Jordan Poole,WAS,2024,,,,,
Ryan Rollins,WAS,2024,,,,,
Landry Shamet,WAS,2024,,,,,
Tristan Vukcevic,WAS,2024,,,,,
Delon Wright,WAS,2024,,,,,
Dominick Barlow,ATL,2025,,,,,
Bogdan Bogdanović,ATL,2025,,,,,
Kobe Bufkin,ATL,2025,,,,,
Clint Capela,ATL,2025,,,,,
Dyson Daniels,ATL,2025,,,,,
Mouhamed Gueye,ATL,2025,,,,,
De'Andre Hunter,ATL,2025,,,,,
Jalen Johnson,ATL,2025,,,,,
Vit Krejci,ATL,2025,,,,,
Caris LeVert,ATL,2025,,,,,
Terance Mann,ATL,2025,,,,,
Garrison Mathews,ATL,2025,,,,,
Larry Nance Jr.,ATL,2025,,,,,
Georges Niang,ATL,2025,,,,,
Onyeka Okongwu,ATL,2025,,,,,
Daeqwon Plowden,ATL,2025,,,,,
Zaccharie Risacher,ATL,2025,,,,,
David Roddy,ATL,2025,,,,,
Jacob Toppin,ATL,2025,,,,,
Keaton Wallace,ATL,2025,,,,,
Trae Young,ATL,2025,,,,,
Jaylen Brown,BOS,2025,,,,,
Torrey Craig,BOS,2025,,,,,
JD Davison,BOS,2025,,,,,
Sam Hauser,BOS,2025,,,,,
Jrue Holiday,BOS,2025,,,,,
Al Horford,BOS,2025,,,,,
Luke Kornet,BOS,2025,,,,,
Miles Norris,BOS,2025,,,,,
Drew Peterson,BOS,2025,,,,,
Kristaps Porziņģis,BOS,2025,,,,,
Payton Pritchard,BOS,2025,,,,,
Neemias Queta,BOS,2025,,,,,
Baylor Scheierman,BOS,2025,,,,,
Jaden Springer,BOS,2025,,,,,
Jayson Tatum,BOS,2025,,,,,
Xavier Tillman Sr.,BOS,2025,,,,,
Jordan Walsh,BOS,2025,,,,,
Derrick White,BOS,2025,,,,,
Reece Beekman,BRK,2025,,,,,
Nic Claxton,BRK,2025,,,,,
Noah Clowney,BRK,2025,,,,,
Cui Yongxi,BRK,2025,,,,,
Tyson Etienne,BRK,2025,,,,,
Tosan Evbuomwan,BRK,2025,,,,,
Dorian Finney-Smith,BRK,2025,,,,,
Killian Hayes,BRK,2025,,,,,
Cameron Johnson,BRK,2025,,,,,
Keon Johnson,BRK,2025,,,,,
Maxwell Lewis,BRK,2025,,,,,
Jaylen Martin,BRK,2025,,,,,
Tyrese Martin,BRK,2025,,,,,
Dariq Whitehead,BRK,2025,,,,,
Shake Milton,BRK,2025,,,,,
D'Angelo Russell,BRK,2025,,,,,
Dennis Schröder,BRK,2025,,,,,
Day'Ron Sharpe,BRK,2025,,,,,
Ben Simmons,BRK,2025,,,,,
Cam Thomas,BRK,2025,,,,,
Drew Timme,BRK,2025,,,,,
Trendon Watford,BRK,2025,,,,,
Ziaire Williams,BRK,2025,,,,,
Jalen Wilson,BRK,2025,,,,,
LaMelo Ball,CHO,2025,,,,,
Damion Baugh,CHO,2025,,,,,
Miles Bridges,CHO,2025,,,,,
Seth Curry,CHO,2025,,,,,
Moussa Diabaté,CHO,2025,,,,,
Malachi Flynn,CHO,2025,,,,,
Marcus Garrett,CHO,2025,,,,,
Taj Gibson,CHO,2025,,,,,
Josh Green,CHO,2025,,,,,
DaQuan Jeffries,CHO,2025,,,,,
Tre Mann,CHO,2025,,,,,
Cody Martin,CHO,2025,,,,,
Vasilije Micić,CHO,2025,,,,,
Brandon Miller,CHO,2025,,,,,
Wendell Moore Jr.,CHO,2025,,,,,
Jusuf Nurkić,CHO,2025,,,,,
Josh Okogie,CHO,2025,,,,,
Elfrid Payton,CHO,2025,,,,,
Jared Rhoden,CHO,2025,,,,,
Nick Richards,CHO,2025,,,,,
Tidjane Salaün,CHO,2025,,,,,
KJ Simpson,CHO,2025,,,,,
Jaylen Sims,CHO,2025,,,,,
Nick Smith Jr.,CHO,2025,,,,,
Grant Williams,CHO,2025,,,,,
Mark Williams,CHO,2025,,,,,
Isaiah Wong,CHO,2025,,,,,
Lonzo Ball,CHI,2025,,,,,
Matas Buzelis,CHI,2025,,,,,
Jevon Carter,CHI,2025,,,,,
Zach Collins,CHI,2025,,,,,
Torrey Craig,CHI,2025,,,,,
Ayo Dosunmu,CHI,2025,,,,,
Chris Duarte,CHI,2025,,,,,
Josh Giddey,CHI,2025,,,,,
Talen Horton-Tucker,CHI,2025,,,,,
Kevin Huerter,CHI,2025,,,,,
Tre Jones,CHI,2025,,,,,
Zach LaVine,CHI,2025,,,,,
E.J. Liddell,CHI,2025,,,,,
Emanuel Miller,CHI,2025,,,,,
Julian Phillips,CHI,2025,,,,,
Adama Sanogo,CHI,2025,,,,,
Jalen Smith,CHI,2025,,,,,
Dalen Terry,CHI,2025,,,,,
Nikola Vučević,CHI,2025,,,,,
Coby White,CHI,2025,,,,,
Patrick Williams,CHI,2025,,,,,
Jahmir Young,CHI,2025,,,,,
Jarrett Allen,CLE,2025,,,,,
Emoni Bates,CLE,2025,,,,,
Darius Garland,CLE,2025,,,,,
Javonte Green,CLE,2025,,,,,
De'Andre Hunter,CLE,2025,,,,,
Ty Jerome,CLE,2025,,,,,
Caris LeVert,CLE,2025,,,,,
Sam Merrill,CLE,2025,,,,,
Donovan Mitchell,CLE,2025,,,,,
Evan Mobley,CLE,2025,,,,,
Georges Niang,CLE,2025,,,,,
Chuma Okeke,CLE,2025,,,,,
Isaac Okoro,CLE,2025,,,,,
Craig Porter Jr.,CLE,2025,,,,,
Max Strus,CLE,2025,,,,,
Tristan Thompson,CLE,2025,,,,,
JT Thor,CLE,2025,,,,,
Nae'Qwan Tomlin,CLE,2025,,,,,
Luke Travers,CLE,2025,,,,,
Jaylon Tyson,CLE,2025,,,,,
Dean Wade,CLE,2025,,,,,
Moses Brown,DAL,2025,,,,,
Max Christie,DAL,2025,,,,,
Anthony Davis,DAL,2025,,,,,
Spencer Dinwiddie,DAL,2025,,,,,
Luka Dončić,DAL,2025,,,,,
Kessler Edwards,DAL,2025,,,,,
Dante Exum,DAL,2025,,,,,
Daniel Gafford,DAL,2025,,,,,
Jazian Gortman,DAL,2025,,,,,
Quentin Grimes,DAL,2025,,,,,
Jaden Hardy,DAL,2025,,,,,
Kyrie Irving,DAL,2025,,,,,
Kai Jones,DAL,2025,,,,,
Kylor Kelley,DAL,2025,,,,,
Maxi Kleber,DAL,2025,,,,,
Dereck Lively II,DAL,2025,,,,,
Naji Marshall,DAL,2025,,,,,
Caleb Martin,DAL,2025,,,,,
Markieff Morris,DAL,2025,,,,,
Dwight Powell,DAL,2025,,,,,
Olivier-Maxence Prosper,DAL,2025,,,,,
Klay Thompson,DAL,2025,,,,,
P.J. Washington,DAL,2025,,,,,
Brandon Williams,DAL,2025,,,,,
Trey Alexander,DEN,2025,,,,,
Christian Braun,DEN,2025,,,,,
Vlatko Čančar,DEN,2025,,,,,
Aaron Gordon,DEN,2025,,,,,
PJ Hall,DEN,2025,,,,,
Nikola Jokić,DEN,2025,,,,,
Spencer Jones,DEN,2025,,,,,
DeAndre Jordan,DEN,2025,,,,,
Jamal Murray,DEN,2025,,,,,
Zeke Nnaji,DEN,2025,,,,,
Jalen Pickett,DEN,2025,,,,,
Michael Porter Jr.,DEN,2025,,,,,
Dario Šarić,DEN,2025,,,,,
Julian Strawther,DEN,2025,,,,,
Hunter Tyson,DEN,2025,,,,,
Peyton Watson,DEN,2025,,,,,
Russell Westbrook,DEN,2025,,,,,
Malik Beasley,DET,2025,,,,,
Cade Cunningham,DET,2025,,,,,
Jalen Duren,DET,2025,,,,,
Simone Fontecchio,DET,2025,,,,,
Tim Hardaway Jr.,DET,2025,,,,,
Ron Harper Jr.,DET,2025,,,,,
Tobias Harris,DET,2025,,,,,
Ron Holland,DET,2025,,,,,
Jaden Ivey,DET,2025,,,,,
Daniss Jenkins,DET,2025,,,,,
Bobi Klintman,DET,2025,,,,,
Wendell Moore Jr.,DET,2025,,,,,
Paul Reed,DET,2025,,,,,
Marcus Sasser,DET,2025,,,,,
Dennis Schröder,DET,2025,,,,,
Tolu Smith,DET,2025,,,,,
Isaiah Stewart,DET,2025,,,,,
Cole Swider,DET,2025,,,,,
Ausar Thompson,DET,2025,,,,,
Lindy Waters III,DET,2025,,,,,
Alondes Williams,DET,2025,,,,,
Kyle Anderson,GSW,2025,,,,,
Reece Beekman,GSW,2025,,,,,
Jimmy Butler,GSW,2025,,,,,
Yuri Collins,GSW,2025,,,,,
Stephen Curry,GSW,2025,,,,,
Draymond Green,GSW,2025,,,,,
Buddy Hield,GSW,2025,,,,,
Trayce Jackson-Davis,GSW,2025,,,,,
Braxton Key,GSW,2025,,,,,
Kevin Knox,GSW,2025,,,,,
Jonathan Kuminga,GSW,2025,,,,,
Kevon Looney,GSW,2025,,,,,
De'Anthony Melton,GSW,2025,,,,,
Moses Moody,GSW,2025,,,,,
Gary Payton II,GSW,2025,,,,,
Brandin Podziemski,GSW,2025,,,,,
Quinten Post,GSW,2025,,,,,
Jackson Rowe,GSW,2025,,,,,
Gui Santos,GSW,2025,,,,,
Dennis Schröder,GSW,2025,,,,,
Pat Spencer,GSW,2025,,,,,
Lindy Waters III,GSW,2025,,,,,
Andrew Wiggins,GSW,2025,,,,,
Steven Adams,HOU,2025,,,,,
Dillon Brooks,HOU,2025,,,,,
N'Faly Dante,HOU,2025,,,,,
Tari Eason,HOU,2025,,,,,
Jalen Green,HOU,2025,,,,,
Jeff Green,HOU,2025,,,,,
Aaron Holiday,HOU,2025,,,,,
Jock Landale,HOU,2025,,,,,
Jack McVeigh,HOU,2025,,,,,
David Roddy,HOU,2025,,,,,
Alperen Şengün,HOU,2025,,,,,
Reed Sheppard,HOU,2025,,,,,
Jabari Smith Jr.,HOU,2025,,,,,
Jae'Sean Tate,HOU,2025,,,,,
Amen Thompson,HOU,2025,,,,,
Fred VanVleet,HOU,2025,,,,,
Cam Whitmore,HOU,2025,,,,,
Jeenathan Williams,HOU,2025,,,,,
Tony Bradley,IND,2025,,,,,
Moses Brown,IND,2025,,,,,
Thomas Bryant,IND,2025,,,,,
RayJ Dennis,IND,2025,,,,,
Enrique Freeman,IND,2025,,,,,
Johnny Furphy,IND,2025,,,,,
Tyrese Haliburton,IND,2025,,,,,
Isaiah Jackson,IND,2025,,,,,
Quenton Jackson,IND,2025,,,,,
James Johnson,IND,2025,,,,,
Bennedict Mathurin,IND,2025,,,,,
T.J. McConnell,IND,2025,,,,,
Andrew Nembhard,IND,2025,,,,,
Aaron Nesmith,IND,2025,,,,,
Tristen Newton,IND,2025,,,,,
Jahlil Okafor,IND,2025,,,,,
Ben Sheppard,IND,2025,,,,,
Pascal Siakam,IND,2025,,,,,
Obi Toppin,IND,2025,,,,,
Myles Turner,IND,2025,,,,,
Jarace Walker,IND,2025,,,,,
James Wiseman,IND,2025,,,,,
Patrick Baldwin Jr.,LAC,2025,,,,,
Mo Bamba,LAC,2025,,,,,
Nicolas Batum,LAC,2025,,,,,
MarJon Beauchamp,LAC,2025,,,,,
Bogdan Bogdanović,LAC,2025,,,,,
Kobe Brown,LAC,2025,,,,,
Cam Christie,LAC,2025,,,,,
Amir Coffey,LAC,2025,,,,,
Kris Dunn,LAC,2025,,,,,
Drew Eubanks,LAC,2025,,,,,
Trentyn Flowers,LAC,2025,,,,,
James Harden,LAC,2025,,,,,
Bones Hyland,LAC,2025,,,,,
Derrick Jones Jr.,LAC,2025,,,,,
Kai Jones,LAC,2025,,,,,
Kawhi Leonard,LAC,2025,,,,,
Terance Mann,LAC,2025,,,,,
Jordan Miller,LAC,2025,,,,,
Patty Mills,LAC,2025,,,,,
Kevin Porter Jr.,LAC,2025,,,,,
Norman Powell,LAC,2025,,,,,
Ben Simmons,LAC,2025,,,,,
Ivica Zubac,LAC,2025,,,,,
Max Christie,LAL,2025,,,,,
Anthony Davis,LAL,2025,,,,,
Luka Dončić,LAL,2025,,,,,
Dorian Finney-Smith,LAL,2025,,,,,
Jordan Goodwin,LAL,2025,,,,,
Rui Hachimura,LAL,2025,,,,,
Jaxson Hayes,LAL,2025,,,,,
Jalen Hood-Schifino,LAL,2025,,,,,
Bronny James,LAL,2025,,,,,
LeBron James,LAL,2025,,,,,
Trey Jemison,LAL,2025,,,,,
Maxi Kleber,LAL,2025,,,,,
Dalton Knecht,LAL,2025,,,,,
Christian Koloko,LAL,2025,,,,,
Alex Len,LAL,2025,,,,,
Maxwell Lewis,LAL,2025,,,,,
Shake Milton,LAL,2025,,,,,
Markieff Morris,LAL,2025,,,,,
Quincy Olivari,LAL,2025,,,,,
Austin Reaves,LAL,2025,,,,,
Cam Reddish,LAL,2025,,,,,
D'Angelo Russell,LAL,2025,,,,,
Armel Traoré,LAL,2025,,,,,
Jarred Vanderbilt,LAL,2025,,,,,
Gabe Vincent,LAL,2025,,,,,
Santi Aldama,MEM,2025,,,,,
Marvin Bagley III,MEM,2025,,,,,
Desmond Bane,MEM,2025,,,,,
Colin Castleton,MEM,2025,,,,,
Brandon Clarke,MEM,2025,,,,,
Zach Edey,MEM,2025,,,,,
Jay Huff,MEM,2025,,,,,
GG Jackson II,MEM,2025,,,,,
Jaren Jackson Jr.,MEM,2025,,,,,
Yuki Kawamura,MEM,2025,,,,,
Luke Kennard,MEM,2025,,,,,
John Konchar,MEM,2025,,,,,
Jake LaRavia,MEM,2025,,,,,
Ja Morant,MEM,2025,,,,,
Scotty Pippen Jr.,MEM,2025,,,,,
Zyon Pullin,MEM,2025,,,,,
Marcus Smart,MEM,2025,,,,,
Cam Spencer,MEM,2025,,,,,
Lamar Stevens,MEM,2025,,,,,
Jaylen Wells,MEM,2025,,,,,
Vince Williams Jr.,MEM,2025,,,,,
Bam Adebayo,MIA,2025,,,,,
Kyle Anderson,MIA,2025,,,,,
Thomas Bryant,MIA,2025,,,,,
Alec Burks,MIA,2025,,,,,
Jimmy Butler,MIA,2025,,,,,
Josh Christopher,MIA,2025,,,,,
Tyler Herro,MIA,2025,,,,,
Haywood Highsmith,MIA,2025,,,,,
Jaime Jaquez Jr.,MIA,2025,,,,,
Keshad Johnson,MIA,2025,,,,,
Nikola Jović,MIA,2025,,,,,
Pelle Larsson,MIA,2025,,,,,
Kevin Love,MIA,2025,,,,,
Davion Mitchell,MIA,2025,,,,,
Josh Richardson,MIA,2025,,,,,
Duncan Robinson,MIA,2025,,,,,
Terry Rozier,MIA,2025,,,,,
Dru Smith,MIA,2025,,,,,
Isaiah Stevens,MIA,2025,,,,,
Kel'el Ware,MIA,2025,,,,,
Andrew Wiggins,MIA,2025,,,,,
Giannis Antetokounmpo,MIL,2025,,,,,
MarJon Beauchamp,MIL,2025,,,,,
Jamaree Bouyea,MIL,2025,,,,,
Pat Connaughton,MIL,2025,,,,,
A.J. Green,MIL,2025,,,,,
Andre Jackson Jr.,MIL,2025,,,,,
AJ Johnson,MIL,2025,,,,,
Kyle Kuzma,MIL,2025,,,,,
Damian Lillard,MIL,2025,,,,,
Chris Livingston,MIL,2025,,,,,
Brook Lopez,MIL,2025,,,,,
Khris Middleton,MIL,2025,,,,,
Pete Nance,MIL,2025,,,,,
Kevin Porter Jr.,MIL,2025,,,,,
Bobby Portis,MIL,2025,,,,,
Taurean Prince,MIL,2025,,,,,
Liam Robbins,MIL,2025,,,,,
Ryan Rollins,MIL,2025,,,,,
Jericho Sims,MIL,2025,,,,,
Tyler Smith,MIL,2025,,,,,
Gary Trent Jr.,MIL,2025,,,,,
Stanley Umude,MIL,2025,,,,,
Delon Wright,MIL,2025,,,,,
Nickeil Alexander-Walker,MIN,2025,,,,,
Jaylen Clark,MIN,2025,,,,,
Mike Conley,MIN,2025,,,,,
Rob Dillingham,MIN,2025,,,,,
Donte DiVincenzo,MIN,2025,,,,,
PJ Dozier,MIN,2025,,,,,
Anthony Edwards,MIN,2025,,,,,
Jesse Edwards,MIN,2025,,,,,
Luka Garza,MIN,2025,,,,,
Rudy Gobert,MIN,2025,,,,,
Bones Hyland,MIN,2025,,,,,
Joe Ingles,MIN,2025,,,,,
Jaden McDaniels,MIN,2025,,,,,
Leonard Miller,MIN,2025,,,,,
Josh Minott,MIN,2025,,,,,
Tristen Newton,MIN,2025,,,,,
Daishen Nix,MIN,2025,,,,,
Julius Randle,MIN,2025,,,,,
Naz Reid,MIN,2025,,,,,
Terrence Shannon Jr.,MIN,2025,,,,,
Jose Alvarado,NOP,2025,,,,,
Mo Bamba,NOP,2025,,,,,
Brandon Boston Jr.,NOP,2025,,,,,
Keion Brooks Jr.,NOP,2025,,,,,
Bruce Brown,NOP,2025,,,,,
Jamal Cain,NOP,2025,,,,,
Javonte Green,NOP,2025,,,,,
Jordan Hawkins,NOP,2025,,,,,
Brandon Ingram,NOP,2025,,,,,
Trey Jemison,NOP,2025,,,,,
Herbert Jones,NOP,2025,,,,,
Kylor Kelley,NOP,2025,,,,,
Karlo Matković,NOP,2025,,,,,
CJ McCollum,NOP,2025,,,,,
Yves Missi,NOP,2025,,,,,
Trey Murphy III,NOP,2025,,,,,
Dejounte Murray,NOP,2025,,,,,
Jaylen Nowell,NOP,2025,,,,,
Kelly Olynyk,NOP,2025,,,,,
Elfrid Payton,NOP,2025,,,,,
Lester Quiñones,NOP,2025,,,,,
Antonio Reeves,NOP,2025,,,,,
Jeremiah Robinson-Earl,NOP,2025,,,,,
Daniel Theis,NOP,2025,,,,,
Zion Williamson,NOP,2025,,,,,
Precious Achiuwa,NYK,2025,,,,,
OG Anunoby,NYK,2025,,,,,
MarJon Beauchamp,NYK,2025,,,,,
Mikal Bridges,NYK,2025,,,,,
Jalen Brunson,NYK,2025,,,,,
Pacome Dadiet,NYK,2025,,,,,
Josh Hart,NYK,2025,,,,,
Ariel Hukporti,NYK,2025,,,,,
Tyler Kolek,NYK,2025,,,,,
Miles McBride,NYK,2025,,,,,
Kevin McCullar Jr.,NYK,2025,,,,,
Cameron Payne,NYK,2025,,,,,
Mitchell Robinson,NYK,2025,,,,,
Matt Ryan,NYK,2025,,,,,
Landry Shamet,NYK,2025,,,,,
Jericho Sims,NYK,2025,,,,,
Jacob Toppin,NYK,2025,,,,,
Karl-Anthony Towns,NYK,2025,,,,,
P.J. Tucker,NYK,2025,,,,,
Anton Watson,NYK,2025,,,,,
Delon Wright,NYK,2025,,,,,
Branden Carlson,OKC,2025,,,,,
Alex Caruso,OKC,2025,,,,,
Ousmane Dieng,OKC,2025,,,,,
Luguentz Dort,OKC,2025,,,,,
Alex Ducas,OKC,2025,,,,,
Adam Flagler,OKC,2025,,,,,
Shai Gilgeous-Alexander,OKC,2025,,,,,
Isaiah Hartenstein,OKC,2025,,,,,
Chet Holmgren,OKC,2025,,,,,
Isaiah Joe,OKC,2025,,,,,
Dillon Jones,OKC,2025,,,,,
Malevy Leons,OKC,2025,,,,,
Ajay Mitchell,OKC,2025,,,,,
Alex Reese,OKC,2025,,,,,
Cason Wallace,OKC,2025,,,,,
Aaron Wiggins,OKC,2025,,,,,
Jalen Williams,OKC,2025,,,,,
Jaylin Williams,OKC,2025,,,,,
Kenrich Williams,OKC,2025,,,,,
Cole Anthony,ORL,2025,,,,,
Paolo Banchero,ORL,2025,,,,,
Goga Bitadze,ORL,2025,,,,,
Anthony Black,ORL,2025,,,,,
Kentavious Caldwell-Pope,ORL,2025,,,,,
Wendell Carter Jr.,ORL,2025,,,,,
Tristan Da Silva,ORL,2025,,,,,
Gary Harris,ORL,2025,,,,,
Caleb Houstan,ORL,2025,,,,,
Jett Howard,ORL,2025,,,,,
Jonathan Isaac,ORL,2025,,,,,
Cory Joseph,ORL,2025,,,,,
Mac McClung,ORL,2025,,,,,
Trevelin Queen,ORL,2025,,,,,
Jalen Suggs,ORL,2025,,,,,
Franz Wagner,ORL,2025,,,,,
Moritz Wagner,ORL,2025,,,,,
Marcus Bagley,PHI,2025,,,,,
Adem Bona,PHI,2025,,,,,
Oshae Brissett,PHI,2025,,,,,
Jared Butler,PHI,2025,,,,,
Colin Castleton,PHI,2025,,,,,
Ricky Council IV,PHI,2025,,,,,
Jeff Dowtin Jr.,PHI,2025,,,,,
Andre Drummond,PHI,2025,,,,,
Justin Edwards,PHI,2025,,,,,
Joel Embiid,PHI,2025,,,,,
Paul George,PHI,2025,,,,,
Eric Gordon,PHI,2025,,,,,
Quentin Grimes,PHI,2025,,,,,
Jalen Hood-Schifino,PHI,2025,,,,,
Reggie Jackson,PHI,2025,,,,,
Kyle Lowry,PHI,2025,,,,,
Caleb Martin,PHI,2025,,,,,
KJ Martin,PHI,2025,,,,,
Tyrese Maxey,PHI,2025,,,,,
Jared McCain,PHI,2025,,,,,
Isaiah Mobley,PHI,2025,,,,,
Pete Nance,PHI,2025,,,,,
Chuma Okeke,PHI,2025,,,,,
Kelly Oubre Jr.,PHI,2025,,,,,
Lester Quiñones,PHI,2025,,,,,
Alex Reese,PHI,2025,,,,,
David Roddy,PHI,2025,,,,,
Lonnie Walker IV,PHI,2025,,,,,
Phillip Wheeler,PHI,2025,,,,,
Guerschon Yabusele,PHI,2025,,,,,
Grayson Allen,PHO,2025,,,,,
Bradley Beal,PHO,2025,,,,,
Bol Bol,PHO,2025,,,,,
Devin Booker,PHO,2025,,,,,
Jalen Bridges,PHO,2025,,,,,
Ryan Dunn,PHO,2025,,,,,
Kevin Durant,PHO,2025,,,,,
Collin Gillespie,PHO,2025,,,,,
Oso Ighodaro,PHO,2025,,,,,
Tyus Jones,PHO,2025,,,,,
Damion Lee,PHO,2025,,,,,
Cody Martin,PHO,2025,,,,,
Vasilije Micić,PHO,2025,,,,,
Monte Morris,PHO,2025,,,,,
Jusuf Nurkić,PHO,2025,,,,,
Royce O'Neale,PHO,2025,,,,,
Josh Okogie,PHO,2025,,,,,
Mason Plumlee,PHO,2025,,,,,
Nick Richards,PHO,2025,,,,,
TyTy Washington Jr.,PHO,2025,,,,,
Deni Avdija,POR,2025,,,,,
Deandre Ayton,POR,2025,,,,,
Dalano Banton,POR,2025,,,,,
Toumani Camara,POR,2025,,,,,
Sidy Cissoko,POR,2025,,,,,
Donovan Clingan,POR,2025,,,,,
Jerami Grant,POR,2025,,,,,
Scoot Henderson,POR,2025,,,,,
Bryce McGowens,POR,2025,,,,,
Justin Minaya,POR,2025,,,,,
Taze Moore,POR,2025,,,,,
Kris Murray,POR,2025,,,,,
Duop Reath,POR,2025,,,,,
Rayan Rupert,POR,2025,,,,,
Shaedon Sharpe,POR,2025,,,,,
Anfernee Simons,POR,2025,,,,,
Matisse Thybulle,POR,2025,,,,,
Jabari Walker,POR,2025,,,,,
Robert Williams,POR,2025,,,,,
Devin Carter,SAC,2025,,,,,
Isaiah Crawford,SAC,2025,,,,,
Jae Crowder,SAC,2025,,,,,
Terence Davis,SAC,2025,,,,,
DeMar DeRozan,SAC,2025,,,,,
Keon Ellis,SAC,2025,,,,,
De'Aaron Fox,SAC,2025,,,,,
Markelle Fultz,SAC,2025,,,,,
Kevin Huerter,SAC,2025,,,,,
Colby Jones,SAC,2025,,,,,
Isaac Jones,SAC,2025,,,,,
Mason Jones,SAC,2025,,,,,
Skal Labissière,SAC,2025,,,,,
Jake LaRavia,SAC,2025,,,,,
Zach LaVine,SAC,2025,,,,,
Alex Len,SAC,2025,,,,,
Trey Lyles,SAC,2025,,,,,
Doug McDermott,SAC,2025,,,,,
Jordan McLaughlin,SAC,2025,,,,,
Malik Monk,SAC,2025,,,,,
Keegan Murray,SAC,2025,,,,,
Orlando Robinson,SAC,2025,,,,,
Domantas Sabonis,SAC,2025,,,,,
Terry Taylor,SAC,2025,,,,,
Jonas Valančiūnas,SAC,2025,,,,,
Harrison Barnes,SAS,2025,,,,,
Charles Bassey,SAS,2025,,,,,
Bismack Biyombo,SAS,2025,,,,,
Malaki Branham,SAS,2025,,,,,
Stephon Castle,SAS,2025,,,,,
Julian Champagnie,SAS,2025,,,,,
Sidy Cissoko,SAS,2025,,,,,
Zach Collins,SAS,2025,,,,,
David Duke Jr.,SAS,2025,,,,,
De'Aaron Fox,SAS,2025,,,,,
Harrison Ingram,SAS,2025,,,,,
Keldon Johnson,SAS,2025,,,,,
Tre Jones,SAS,2025,,,,,
Sandro Mamukelashvili,SAS,2025,,,,,
Jordan McLaughlin,SAS,2025,,,,,
Riley Minix,SAS,2025,,,,,
Chris Paul,SAS,2025,,,,,
Jeremy Sochan,SAS,2025,,,,,
Devin Vassell,SAS,2025,,,,,
Victor Wembanyama,SAS,2025,,,,,
Blake Wesley,SAS,2025,,,,,
Ochai Agbaji,TOR,2025,,,,,
Scottie Barnes,TOR,2025,,,,,
RJ Barrett,TOR,2025,,,,,
Jamison Battle,TOR,2025,,,,,
Chris Boucher,TOR,2025,,,,,
Bruce Brown,TOR,2025,,,,,
D.J. Carton,TOR,2025,,,,,
Colin Castleton,TOR,2025,,,,,
Ulrich Chomche,TOR,2025,,,,,
Gradey Dick,TOR,2025,,,,,
Bruno Fernando,TOR,2025,,,,,
A.J. Lawson,TOR,2025,,,,,
Davion Mitchell,TOR,2025,,,,,
Jonathan Mogbo,TOR,2025,,,,,
Kelly Olynyk,TOR,2025,,,,,
Jakob Poeltl,TOR,2025,,,,,
Immanuel Quickley,TOR,2025,,,,,
Jared Rhoden,TOR,2025,,,,,
Orlando Robinson,TOR,2025,,,,,
Jamal Shead,TOR,2025,,,,,
Cole Swider,TOR,2025,,,,,
Garrett Temple,TOR,2025,,,,,
Ja'Kobe Walter,TOR,2025,,,,,
Jordan Clarkson,UTA,2025,,,,,
Isaiah Collier,UTA,2025,,,,,
John Collins,UTA,2025,,,,,
Drew Eubanks,UTA,2025,,,,,
Kyle Filipowski,UTA,2025,,,,,
Keyonte George,UTA,2025,,,,,
Elijah Harkless,UTA,2025,,,,,
Taylor Hendricks,UTA,2025,,,,,
Johnny Juzang,UTA,2025,,,,,
Walker Kessler,UTA,2025,,,,,
Lauri Markkanen,UTA,2025,,,,,
KJ Martin,UTA,2025,,,,,
Patty Mills,UTA,2025,,,,,
Svi Mykhailiuk,UTA,2025,,,,,
Micah Potter,UTA,2025,,,,,
Brice Sensabaugh,UTA,2025,,,,,
Collin Sexton,UTA,2025,,,,,
Jaden Springer,UTA,2025,,,,,
Oscar Tshiebwe,UTA,2025,,,,,
Cody Williams,UTA,2025,,,,,
Marvin Bagley III,WAS,2025,,,,,
Patrick Baldwin Jr.,WAS,2025,,,,,
Malcolm Brogdon,WAS,2025,,,,,
Jared Butler,WAS,2025,,,,,
Bub Carrington,WAS,2025,,,,,
Justin Champagnie,WAS,2025,,,,,
Bilal Coulibaly,WAS,2025,,,,,
Johnny Davis,WAS,2025,,,,,
Kyshawn George,WAS,2025,,,,,
Anthony Gill,WAS,2025,,,,,
Richaun Holmes,WAS,2025,,,,,
AJ Johnson,WAS,2025,,,,,
Colby Jones,WAS,2025,,,,,
Corey Kispert,WAS,2025,,,,,
Kyle Kuzma,WAS,2025,,,,,
Jaylen Martin,WAS,2025,,,,,
Jalen McDaniels,WAS,2025,,,,,
Khris Middleton,WAS,2025,,,,,
Jordan Poole,WAS,2025,,,,,
Alex Sarr,WAS,2025,,,,,
Marcus Smart,WAS,2025,,,,,
JT Thor,WAS,2025,,,,,
Jonas Valančiūnas,WAS,2025,,,,,
Tristan Vukcevic,WAS,2025,,,,,
