player,salary,team,year
Danilo Gallinari,19500000,ATL,2021
Bogdan Bogdanović,18000000,ATL,2021
Clint Capela,16000000,ATL,2021
Tony Snell,12178571,ATL,2021
Lou Williams,8000000,ATL,2021
De'Andre Hunter,7422000,ATL,2021
Trae Young,6571800,ATL,2021
Onyeka Okongwu,5813640,ATL,2021
Kris Dunn,4767000,ATL,2021
Cam Reddish,4458000,ATL,2021
John Collins,4137302,ATL,2021
Kevin Huerter,2761920,ATL,2021
Brandon Goodwin,1701593,ATL,2021
Solomon Hill,1620564,ATL,2021
Bruno Fernando,1517981,ATL,2021
Khyri Thomas,744684,ATL,2021
Nathan Knight,0,ATL,2021
Skylar Mays,0,ATL,2021
Kemba Walker,34379100,BOS,2021
Jaylen Brown,23437500,BOS,2021
Evan Fournier,17450000,BOS,2021
Marcus Smart,13446428,BOS,2021
Jayson Tatum,9897120,BOS,2021
Tristan Thompson,9258000,BOS,2021
Romeo Langford,3631200,BOS,2021
Aaron Nesmith,3458400,BOS,2021
Grant Williams,2498760,BOS,2021
Luke Kornet,2250000,BOS,2021
Moritz Wagner,2161920,BOS,2021
Payton Pritchard,2035800,BOS,2021
Robert Williams,2029920,BOS,2021
Semi Ojeleye,1752950,BOS,2021
Carsen Edwards,1517981,BOS,2021
Guerschon Yabusele,1039080,BOS,2021
Jabari Parker,430729,BOS,2021
Demetrius Jackson,92857,BOS,2021
Tremont Waters,0,BOS,2021
Tacko Fall,0,BOS,2021
James Harden,41254920,BRK,2021
Kevin Durant,39058950,BRK,2021
Kyrie Irving,33460350,BRK,2021
Joe Harris,16071429,BRK,2021
Spencer Dinwiddie,11454048,BRK,2021
DeAndre Jordan,10375678,BRK,2021
Jeff Green,2564753,BRK,2021
Landry Shamet,2090040,BRK,2021
Timothé Luwawu-Cabarrot,1824003,BRK,2021
Bruce Brown,1663861,BRK,2021
Tyler Johnson,1620564,BRK,2021
Nic Claxton,1517981,BRK,2021
Blake Griffin,776983,BRK,2021
Alize Johnson,621587,BRK,2021
Iman Shumpert,558153,BRK,2021
LaMarcus Aldridge,554988,BRK,2021
Andre Roberson,274816,BRK,2021
Noah Vonleh,263995,BRK,2021
Mike James,237648,BRK,2021
Norvel Pelle,217845,BRK,2021
Tyler Cook,99020,BRK,2021
Chris Chiozza,0,BRK,2021
Reggie Perry,0,BRK,2021
Gordon Hayward,28500000,CHO,2021
Terry Rozier,18900000,CHO,2021
Cody Zeller,15415730,CHO,2021
Nicolas Batum,8856969,CHO,2021
LaMelo Ball,7839960,CHO,2021
Malik Monk,5345687,CHO,2021
P.J. Washington,4023600,CHO,2021
Miles Bridges,3934320,CHO,2021
Bismack Biyombo,3500000,CHO,2021
Brad Wanamaker,2250000,CHO,2021
Devonte' Graham,1663861,CHO,2021
Caleb Martin,1517981,CHO,2021
Cody Martin,1517981,CHO,2021
Jalen McDaniels,1517981,CHO,2021
Vernon Carey,1350000,CHO,2021
Nick Richards,1000000,CHO,2021
Nate Darling,0,CHO,2021
Grant Riller,0,CHO,2021
Nikola Vučević,26000000,CHI,2021
Zach LaVine,19500000,CHI,2021
Thaddeus Young,13545000,CHI,2021
Tomáš Satoranský,10000000,CHI,2021
Al-Farouq Aminu,9720900,CHI,2021
Cristiano Felício,7529020,CHI,2021
Patrick Williams,7068360,CHI,2021
Lauri Markkanen,6731508,CHI,2021
Coby White,5572680,CHI,2021
Daniel Theis,5000000,CHI,2021
Garrett Temple,4767000,CHI,2021
Denzel Valentine,4642800,CHI,2021
Troy Brown,3372840,CHI,2021
Ryan Arcidiacono,3000000,CHI,2021
Javonte Green,1517981,CHI,2021
Adam Mokoka,0,CHI,2021
Devon Dotson,0,CHI,2021
Kevin Love,31258256,CLE,2021
Andre Drummond,27957238,CLE,2021
Taurean Prince,12250000,CLE,2021
Larry Nance,11709091,CLE,2021
Cedi Osman,8840580,CLE,2021
Darius Garland,6720720,CLE,2021
Isaac Okoro,6400920,CLE,2021
Collin Sexton,4991880,CLE,2021
Jarrett Allen,3909902,CLE,2021
Dylan Windler,2137440,CLE,2021
Damyean Dotson,2000000,CLE,2021
Matthew Dellavedova,1620564,CLE,2021
Isaiah Hartenstein,1620564,CLE,2021
Dean Wade,1517981,CLE,2021
J.R. Smith,1456667,CLE,2021
Lamar Stevens,652366,CLE,2021
Mfiondu Kabengele,356473,CLE,2021
Rayjon Tucker,340000,CLE,2021
Thon Maker,309355,CLE,2021
Quinn Cook,221996,CLE,2021
Anderson Varejão,144297,CLE,2021
Yogi Ferrell,110998,CLE,2021
Jeremiah Martin,0,CLE,2021
Brodric Thomas,0,CLE,2021
Marques Bolden,0,CLE,2021
Kristaps Porziņģis,29467800,DAL,2021
Tim Hardaway,18975000,DAL,2021
J.J. Redick,13013700,DAL,2021
Dwight Powell,11080125,DAL,2021
Josh Richardson,10865952,DAL,2021
Maxi Kleber,8325000,DAL,2021
Luka Dončić,8049360,DAL,2021
Willie Cauley-Stein,4100000,DAL,2021
Dorian Finney-Smith,4000000,DAL,2021
Nicolò Melli,3897436,DAL,2021
Boban Marjanović,3500000,DAL,2021
Trey Burke,3000000,DAL,2021
Josh Green,2816760,DAL,2021
Jalen Brunson,1663861,DAL,2021
J.J. Barea,1620564,DAL,2021
Tyrell Terry,1289846,DAL,2021
Nate Hinton,0,DAL,2021
Tyler Bey,0,DAL,2021
Nikola Jokić,29542010,DEN,2021
Jamal Murray,27285000,DEN,2021
Aaron Gordon,18136364,DEN,2021
Will Barton,13723214,DEN,2021
Paul Millsap,10000000,DEN,2021
JaMychal Green,7199760,DEN,2021
JaVale McGee,4200000,DEN,2021
Michael Porter,3550800,DEN,2021
Facundo Campazzo,3100000,DEN,2021
Zeke Nnaji,2379840,DEN,2021
Bol Bol,2058240,DEN,2021
Gary Clark,2000000,DEN,2021
PJ Dozier,1762796,DEN,2021
Monte Morris,1723707,DEN,2021
Vlatko Čančar,1517981,DEN,2021
Austin Rivers,299694,DEN,2021
Greg Whittington,0,DEN,2021
Markus Howard,0,DEN,2021
Shaquille Harrison,0,DEN,2021
Blake Griffin,32670565,DET,2021
Jerami Grant,19050000,DET,2021
Cory Joseph,12600000,DET,2021
Mason Plumlee,8000000,DET,2021
Dennis Smith,5686677,DET,2021
Killian Hayes,5307120,DET,2021
Rodney McGruder,5192307,DET,2021
Josh Jackson,4767000,DET,2021
Sekou Doumbouya,3449400,DET,2021
Isaiah Stewart,3121080,DET,2021
Dewayne Dedmon,2866667,DET,2021
Saddiq Bey,2689920,DET,2021
Wayne Ellington,2564753,DET,2021
Džanan Musa,2002800,DET,2021
Jahlil Okafor,1882867,DET,2021
Hamidou Diallo,1663861,DET,2021
Deividas Sirvydis,898310,DET,2021
Tyler Cook,594121,DET,2021
Frank Jackson,0,DET,2021
Saben Lee,0,DET,2021
Stephen Curry,43006362,GSW,2021
Klay Thompson,35361360,GSW,2021
Andrew Wiggins,29542010,GSW,2021
Draymond Green,22246956,GSW,2021
Kelly Oubre,14375000,GSW,2021
James Wiseman,8730240,GSW,2021
Kevon Looney,4821429,GSW,2021
Jordan Poole,2063280,GSW,2021
Damion Lee,1762796,GSW,2021
Kent Bazemore,1620564,GSW,2021
Mychal Mulder,1517981,GSW,2021
Eric Paschall,1517981,GSW,2021
Alen Smailagić,1517981,GSW,2021
Shaun Livingston,666667,GSW,2021
Juan Toscano-Anderson,358295,GSW,2021
Gary Payton,233894,GSW,2021
Nico Mannion,0,GSW,2021
Jordan Bell,0,GSW,2021
John Wall,41254920,HOU,2021
Eric Gordon,16869276,HOU,2021
Christian Wood,13015874,HOU,2021
Kelly Olynyk,12819649,HOU,2021
Dante Exum,9600000,HOU,2021
D.J. Augustin,6666667,HOU,2021
Avery Bradley,5635000,HOU,2021
D.J. Wilson,4548280,HOU,2021
Danuel House,3717000,HOU,2021
Ben McLemore,2283034,HOU,2021
David Nwaba,1824003,HOU,2021
Kevin Porter,1717981,HOU,2021
Sterling Brown,1620564,HOU,2021
DeMarcus Cousins,1620564,HOU,2021
Chris Clemons,1517981,HOU,2021
Jae'Sean Tate,1445967,HOU,2021
Kenyon Martin,898310,HOU,2021
Bruno Caboclo,361256,HOU,2021
Khyri Thomas,360998,HOU,2021
Troy Williams,122741,HOU,2021
Mason Jones,61528,HOU,2021
Jerian Grant,50000,HOU,2021
Cameron Oliver,43070,HOU,2021
Cameron Reynolds,33299,HOU,2021
Justin Patton,0,HOU,2021
Anthony Lamb,0,HOU,2021
Armoni Brooks,0,HOU,2021
Malcolm Brogdon,20700000,IND,2021
Domantas Sabonis,19800000,IND,2021
Myles Turner,17500000,IND,2021
Caris LeVert,16203704,IND,2021
T.J. Warren,12000000,IND,2021
Jeremy Lamb,10500000,IND,2021
Doug McDermott,7333333,IND,2021
Justin Holiday,5720400,IND,2021
T.J. McConnell,3500000,IND,2021
Goga Bitadze,2957520,IND,2021
Aaron Holiday,2345640,IND,2021
Monta Ellis,2245400,IND,2021
Edmond Sumner,2160000,IND,2021
JaKarr Sampson,1620564,IND,2021
Jalen Lecque,1517981,IND,2021
Oshae Brissett,955493,IND,2021
Kelan Martin,801900,IND,2021
Amida Brimah,0,IND,2021
Cassius Stanley,0,IND,2021
Brian Bowen,0,IND,2021
Paul George,35450412,LAC,2021
Kawhi Leonard,34379100,LAC,2021
Marcus Morris,14883721,LAC,2021
Patrick Beverley,13333333,LAC,2021
Serge Ibaka,9258000,LAC,2021
Rajon Rondo,8250000,LAC,2021
Ivica Zubac,7000000,LAC,2021
Luke Kennard,5273826,LAC,2021
Patrick Patterson,3077704,LAC,2021
Reggie Jackson,1620564,LAC,2021
Nicolas Batum,1620564,LAC,2021
Terance Mann,1517984,LAC,2021
Daniel Oturu,898310,LAC,2021
DeMarcus Cousins,455091,LAC,2021
Yogi Ferrell,325167,LAC,2021
Malik Fitts,61528,LAC,2021
Amir Coffey,0,LAC,2021
Jay Scrubb,0,LAC,2021
LeBron James,39219566,LAL,2021
Anthony Davis,32742000,LAL,2021
Dennis Schröder,16000000,LAL,2021
Kentavious Caldwell-Pope,12073020,LAL,2021
Montrezl Harrell,9258000,LAL,2021
Luol Deng,5000000,LAL,2021
Wesley Matthews,3623000,LAL,2021
Kyle Kuzma,3562178,LAL,2021
Alex Caruso,2750000,LAL,2021
Marc Gasol,2564753,LAL,2021
Quinn Cook,1797183,LAL,2021
Alfonzo McKinnie,1762796,LAL,2021
Jared Dudley,1620564,LAL,2021
Markieff Morris,1620564,LAL,2021
Talen Horton-Tucker,1517981,LAL,2021
Jordan Bell,580062,LAL,2021
Andre Drummond,554988,LAL,2021
Ben McLemore,455090,LAL,2021
Damian Jones,221996,LAL,2021
Kostas Antetokounmpo,0,LAL,2021
Devontae Cacok,0,LAL,2021
Gorgui Dieng,16587688,MEM,2021
Jonas Valančiūnas,15000000,MEM,2021
Justise Winslow,13000000,MEM,2021
Dion Waiters,12650000,MEM,2021
Dillon Brooks,11400000,MEM,2021
De'Anthony Melton,9571712,MEM,2021
Kyle Anderson,9505100,MEM,2021
Ja Morant,9166800,MEM,2021
Tyus Jones,7965100,MEM,2021
Jaren Jackson,7257360,MEM,2021
Marko Guduric,2750000,MEM,2021
Brandon Clarke,2602920,MEM,2021
Grayson Allen,2545320,MEM,2021
John Konchar,2100000,MEM,2021
Mario Hezonja,1977011,MEM,2021
Desmond Bane,1936440,MEM,2021
Jontay Porter,1900000,MEM,2021
Xavier Tillman,1300000,MEM,2021
Tim Frazier,518612,MEM,2021
Dakari Johnson,459414,MEM,2021
Sean McDermott,0,MEM,2021
Killian Tillie,0,MEM,2021
Jimmy Butler,34379100,MIA,2021
Victor Oladipo,21000000,MIA,2021
Goran Dragić,18000000,MIA,2021
Andre Iguodala,15000000,MIA,2021
Trevor Ariza,12800000,MIA,2021
Nemanja Bjelica,7150000,MIA,2021
Ryan Anderson,5214583,MIA,2021
Bam Adebayo,5115492,MIA,2021
Tyler Herro,3822240,MIA,2021
Precious Achiuwa,2582160,MIA,2021
Duncan Robinson,1663861,MIA,2021
Kendrick Nunn,1663861,MIA,2021
Udonis Haslem,1620564,MIA,2021
KZ Okpala,1517981,MIA,2021
Dewayne Dedmon,432890,MIA,2021
A.J. Hammons,350087,MIA,2021
Omer Yurtseven,18458,MIA,2021
Max Strus,0,MIA,2021
Gabe Vincent,0,MIA,2021
Khris Middleton,33051724,MIL,2021
Giannis Antetokounmpo,27528088,MIL,2021
Jrue Holiday,25876111,MIL,2021
Brook Lopez,12697675,MIL,2021
P.J. Tucker,7969537,MIL,2021
Pat Connaughton,4938273,MIL,2021
Bobby Portis,3623000,MIL,2021
Jon Leuer,3169348,MIL,2021
Donte DiVincenzo,3044160,MIL,2021
Bryn Forbes,2337145,MIL,2021
Larry Sanders,1865546,MIL,2021
Rodions Kurucs,1780152,MIL,2021
Thanasis Antetokounmpo,1701593,MIL,2021
Sam Merrill,898310,MIL,2021
Jordan Nwora,898310,MIL,2021
Jeff Teague,510589,MIL,2021
Mamadi Diakite,160173,MIL,2021
Elijah Bryant,24611,MIL,2021
Justin Jackson,0,MIL,2021
Axel Toupane,0,MIL,2021
Karl-Anthony Towns,29467800,MIN,2021
D'Angelo Russell,28649250,MIN,2021
Ricky Rubio,17000000,MIN,2021
Malik Beasley,13425895,MIN,2021
Anthony Edwards,9757440,MIN,2021
Jarrett Culver,6104280,MIN,2021
Juancho Hernangómez,5718000,MIN,2021
Ed Davis,5005350,MIN,2021
Jake Layman,3761085,MIN,2021
Josh Okogie,2651040,MIN,2021
Jaden McDaniels,1964760,MIN,2021
Jarred Vanderbilt,1663861,MIN,2021
Jaylen Nowell,1517981,MIN,2021
Naz Reid,1517981,MIN,2021
Cole Aldrich,685340,MIN,2021
Jordan McLaughlin,0,MIN,2021
Steven Adams,29592695,NOP,2021
Brandon Ingram,27285000,NOP,2021
Eric Bledsoe,16875000,NOP,2021
James Johnson,16047100,NOP,2021
Lonzo Ball,11003782,NOP,2021
Zion Williamson,10245480,NOP,2021
Jaxson Hayes,5105160,NOP,2021
Kira Lewis,3640200,NOP,2021
Josh Hart,3491159,NOP,2021
Nickeil Alexander-Walker,3113160,NOP,2021
Wes Iwundu,1678854,NOP,2021
Willy Hernangómez,1620564,NOP,2021
Wenyen Gabriel,1620564,NOP,2021
Sindarius Thornwell,943480,NOP,2021
Marcos Louzada Silva,123056,NOP,2021
Naji Marshall,120000,NOP,2021
Isaiah Thomas,110998,NOP,2021
Will Magnay,0,NOP,2021
James Nunnally,0,NOP,2021
Julius Randle,18900000,NYK,2021
RJ Barrett,8231760,NYK,2021
Derrick Rose,7682926,NYK,2021
Joakim Noah,6431667,NYK,2021
Frank Ntilikina,6176578,NYK,2021
Alec Burks,6000000,NYK,2021
Elfrid Payton,5767000,NYK,2021
Nerlens Noel,5000000,NYK,2021
Obi Toppin,4862040,NYK,2021
Kevin Knox,4588680,NYK,2021
Reggie Bullock,4200000,NYK,2021
Terrance Ferguson,3944013,NYK,2021
Luca Vildoza,3500000,NYK,2021
Vincent Poirier,2619207,NYK,2021
Taj Gibson,2442968,NYK,2021
Immanuel Quickley,2105520,NYK,2021
Jacob Evans,2017320,NYK,2021
Omari Spellman,1988280,NYK,2021
Mitchell Robinson,1663861,NYK,2021
Wayne Ellington,1000000,NYK,2021
Norvel Pelle,698040,NYK,2021
John Henson,110998,NYK,2021
Jared Harper,99020,NYK,2021
Tyler Hall,25000,NYK,2021
Andrew White,25000,NYK,2021
Theo Pinson,0,NYK,2021
Myles Powell,0,NYK,2021
Al Horford,27500000,OKC,2021
Meyers Leonard,9400000,OKC,2021
Darius Miller,7000000,OKC,2021
Justin Jackson,5029650,OKC,2021
T.J. Leaf,4326825,OKC,2021
Shai Gilgeous-Alexander,4141320,OKC,2021
Gabriel Deck,3870370,OKC,2021
Tony Bradley,3542060,OKC,2021
Austin Rivers,3500000,OKC,2021
Aleksej Pokusevski,2964840,OKC,2021
Darius Bazley,2399160,OKC,2021
Ty Jerome,2303040,OKC,2021
Mike Muscala,2283034,OKC,2021
Kenrich Williams,2000000,OKC,2021
Théo Maledon,2000000,OKC,2021
Svi Mykhailiuk,1663861,OKC,2021
Josh Gray,1620564,OKC,2021
Luguentz Dort,1517981,OKC,2021
Isaiah Roby,1517981,OKC,2021
Admiral Schofield,1517981,OKC,2021
Zylan Cheatham,1445697,OKC,2021
Moses Brown,1250000,OKC,2021
Kyle Singler,999200,OKC,2021
Patrick Patterson,737067,OKC,2021
Frank Jackson,250000,OKC,2021
Charlie Brown,217844,OKC,2021
Justin Robinson,198040,OKC,2021
Josh Hall,0,OKC,2021
Jaylen Hoard,0,OKC,2021
Otto Porter,28489239,ORL,2021
Gary Harris,19160714,ORL,2021
Terrence Ross,13500000,ORL,2021
Markelle Fultz,12288697,ORL,2021
Jonathan Isaac,7362566,ORL,2021
Mohamed Bamba,5969040,ORL,2021
Wendell Carter,5448840,ORL,2021
Michael Carter-Williams,3300000,ORL,2021
James Ennis,3300000,ORL,2021
Cole Anthony,3285120,ORL,2021
Chuma Okeke,3121080,ORL,2021
Khem Birch,2586036,ORL,2021
R.J. Hampton,2193480,ORL,2021
Dwayne Bacon,1678854,ORL,2021
Jeff Teague,1620564,ORL,2021
Donta Hall,277256,ORL,2021
Moritz Wagner,221995,ORL,2021
Robert Franks,198040,ORL,2021
Ignas Brazdeikis,148530,ORL,2021
Devin Cannady,61528,ORL,2021
Karim Mané,0,ORL,2021
Chasson Randle,0,ORL,2021
Sindarius Thornwell,0,ORL,2021
Tobias Harris,34358850,PHI,2021
Ben Simmons,30559200,PHI,2021
Joel Embiid,29542010,PHI,2021
Danny Green,15365853,PHI,2021
George Hill,9590602,PHI,2021
Seth Curry,7834449,PHI,2021
Mike Scott,5005350,PHI,2021
Matisse Thybulle,2711280,PHI,2021
Tyrese Maxey,2478840,PHI,2021
Furkan Korkmaz,1762796,PHI,2021
Shake Milton,1701593,PHI,2021
Dwight Howard,1620564,PHI,2021
Ignas Brazdeikis,1517981,PHI,2021
Isaiah Joe,898310,PHI,2021
Paul Reed,609128,PHI,2021
Anthony Tolliver,485498,PHI,2021
Justin Anderson,125000,PHI,2021
Rayjon Tucker,0,PHI,2021
Mason Jones,0,PHI,2021
Gary Clark,0,PHI,2021
Chris Paul,41358814,PHO,2021
Devin Booker,29467800,PHO,2021
Deandre Ayton,10018200,PHO,2021
Jae Crowder,9258000,PHO,2021
Dario Šarić,9250000,PHO,2021
Mikal Bridges,4359000,PHO,2021
Jalen Smith,4245720,PHO,2021
Cameron Johnson,4235160,PHO,2021
Jevon Carter,3925000,PHO,2021
Cameron Payne,1977011,PHO,2021
Abdel Nader,1752950,PHO,2021
Langston Galloway,1620564,PHO,2021
Frank Kaminsky,1620564,PHO,2021
E'Twaun Moore,1620564,PHO,2021
Torrey Craig,1620564,PHO,2021
Damian Jones,785285,PHO,2021
Ty-Shon Alexander,0,PHO,2021
Damian Lillard,31626953,POR,2021
CJ McCollum,29354152,POR,2021
Jusuf Nurkić,12888889,POR,2021
Robert Covington,12138345,POR,2021
Norman Powell,10865952,POR,2021
Derrick Jones,9258000,POR,2021
Zach Collins,5406255,POR,2021
Enes Freedom,5005350,POR,2021
Andrew Nicholson,2844430,POR,2021
Anfernee Simons,2252040,POR,2021
Nassir Little,2210640,POR,2021
Anderson Varejão,1913345,POR,2021
Carmelo Anthony,1620564,POR,2021
Harry Giles,1620564,POR,2021
CJ Elleby,898310,POR,2021
Rondae Hollis-Jefferson,432891,POR,2021
T.J. Leaf,0,POR,2021
Keljin Blevins,0,POR,2021
Buddy Hield,24701834,SAC,2021
Harrison Barnes,22215909,SAC,2021
Delon Wright,9000000,SAC,2021
Marvin Bagley,8963640,SAC,2021
De'Aaron Fox,8099627,SAC,2021
Jabari Parker,6500000,SAC,2021
Richaun Holmes,5005350,SAC,2021
Tyrese Haliburton,3831840,SAC,2021
Maurice Harkless,3623000,SAC,2021
Mfiondu Kabengele,2075880,SAC,2021
Hassan Whiteside,1620564,SAC,2021
Terence Davis,1517981,SAC,2021
Justin James,1517981,SAC,2021
Chris Silva,1517981,SAC,2021
Robert Woodard,1500000,SAC,2021
Jahmi'us Ramsey,1000000,SAC,2021
Glenn Robinson,930930,SAC,2021
Chimezie Metu,750000,SAC,2021
Damian Jones,459961,SAC,2021
Norvel Pelle,99020,SAC,2021
Louis King,0,SAC,2021
Kyle Guy,0,SAC,2021
DeMar DeRozan,27739975,SAS,2021
LaMarcus Aldridge,16750000,SAS,2021
Rudy Gay,14500000,SAS,2021
Dejounte Murray,14286000,SAS,2021
Patty Mills,13535714,SAS,2021
Jakob Poeltl,8101852,SAS,2021
DeMarre Carroll,6119676,SAS,2021
Trey Lyles,5500000,SAS,2021
Devin Vassell,4033440,SAS,2021
Derrick White,3516284,SAS,2021
Lonnie Walker,2892000,SAS,2021
Luka Šamanić,2824320,SAS,2021
Keldon Johnson,2048040,SAS,2021
Marquese Chriss,1824003,SAS,2021
Drew Eubanks,1620564,SAS,2021
DaQuan Jeffries,1445697,SAS,2021
Gorgui Dieng,1000000,SAS,2021
Tre Jones,898310,SAS,2021
Cameron Reynolds,110998,SAS,2021
Quinndary Weatherspoon,0,SAS,2021
Keita Bates-Diop,0,SAS,2021
Pascal Siakam,30559200,TOR,2021
Kyle Lowry,30500000,TOR,2021
Fred VanVleet,21250000,TOR,2021
Rodney Hood,10047450,TOR,2021
Aron Baynes,7000000,TOR,2021
Chris Boucher,6500000,TOR,2021
Patrick McCaw,4000000,TOR,2021
OG Anunoby,3872215,TOR,2021
Stanley Johnson,3804150,TOR,2021
Alex Len,2258000,TOR,2021
Malachi Flynn,1950600,TOR,2021
DeAndre' Bembry,1737145,TOR,2021
Gary Trent,1663861,TOR,2021
Paul Watson,1445697,TOR,2021
Khem Birch,410691,TOR,2021
Yuta Watanabe,321893,TOR,2021
Oshae Brissett,300000,TOR,2021
Freddie Gillespie,239959,TOR,2021
Henry Ellenson,160998,TOR,2021
Donta Hall,99020,TOR,2021
Jalen Harris,0,TOR,2021
Mike Conley,34504132,UTA,2021
Rudy Gobert,27525281,UTA,2021
Bojan Bogdanović,17661000,UTA,2021
Jordan Clarkson,11500000,UTA,2021
Joe Ingles,10863637,UTA,2021
Derrick Favors,9258000,UTA,2021
Royce O'Neale,8500000,UTA,2021
Donovan Mitchell,5195501,UTA,2021
Udoka Azubuike,1977000,UTA,2021
Georges Niang,1783557,UTA,2021
Matt Thomas,1517981,UTA,2021
Miye Oni,1517981,UTA,2021
Juwan Morgan,1517981,UTA,2021
Elijah Hughes,898310,UTA,2021
Shaquille Harrison,770433,UTA,2021
Ersan İlyasova,754783,UTA,2021
Trent Forrest,0,UTA,2021
Jarrell Brantley,0,UTA,2021
Russell Westbrook,41358814,WAS,2021
Bradley Beal,28751774,WAS,2021
Dāvis Bertāns,15000000,WAS,2021
Thomas Bryant,8333333,WAS,2021
Robin Lopez,7300000,WAS,2021
Ish Smith,6000000,WAS,2021
Rui Hachimura,4692840,WAS,2021
Deni Avdija,4469160,WAS,2021
Jerome Robinson,3737520,WAS,2021
Chandler Hutchison,2443440,WAS,2021
Isaac Bonga,1663861,WAS,2021
Raul Neto,1620564,WAS,2021
Daniel Gafford,1517981,WAS,2021
Alex Len,1265372,WAS,2021
Anthony Gill,898310,WAS,2021
Anžejs Pasečņiks,374297,WAS,2021
Jordan Bell,221996,WAS,2021
Caleb Homesley,20000,WAS,2021
Garrison Mathews,0,WAS,2021
Cassius Winston,0,WAS,2021
John Collins,23000000,ATL,2022
Danilo Gallinari,20475000,ATL,2022
Bogdan Bogdanović,18000000,ATL,2022
Clint Capela,17103448,ATL,2022
Delon Wright,8526316,ATL,2022
Trae Young,8326471,ATL,2022
De'Andre Hunter,7775400,ATL,2022
Onyeka Okongwu,6104280,ATL,2022
Kevin Knox,5845978,ATL,2022
Lou Williams,5000000,ATL,2022
Kevin Huerter,4253357,ATL,2022
Gorgui Dieng,4000000,ATL,2022
Jalen Johnson,2659560,ATL,2022
Timothé Luwawu-Cabarrot,1939350,ATL,2022
Lance Stephenson,138019,ATL,2022
Wes Iwundu,102831,ATL,2022
Chris Clemons,95930,ATL,2022
Cameron Oliver,85578,ATL,2022
Malcolm Hill,53176,ATL,2022
Malik Ellison,53176,ATL,2022
Justin Tillman,53176,ATL,2022
Chaundee Brown,53176,ATL,2022
Cat Barber,53176,ATL,2022
Skylar Mays,34231,ATL,2022
Sharife Cooper,0,ATL,2022
Jayson Tatum,28103550,BOS,2022
Al Horford,27000000,BOS,2022
Jaylen Brown,24830357,BOS,2022
Derrick White,15178571,BOS,2022
Marcus Smart,13839285,BOS,2022
Daniel Theis,8280351,BOS,2022
Robert Williams,3661976,BOS,2022
Aaron Nesmith,3631200,BOS,2022
Grant Williams,2617800,BOS,2022
Payton Pritchard,2137440,BOS,2022
Jabari Parker,1168288,BOS,2022
Guerschon Yabusele,1039080,BOS,2022
Luke Kornet,606702,BOS,2022
Nik Stauskas,423536,BOS,2022
Malik Fitts,402218,BOS,2022
Sam Hauser,313737,BOS,2022
Kelan Martin,191860,BOS,2022
C.J. Miles,151821,BOS,2022
Al-Farouq Aminu,151821,BOS,2022
Joe Johnson,151821,BOS,2022
Juwan Morgan,115116,BOS,2022
Justin Jackson,102831,BOS,2022
Norvel Pelle,95930,BOS,2022
Demetrius Jackson,92857,BOS,2022
Matt Ryan,0,BOS,2022
Brodric Thomas,0,BOS,2022
Kevin Durant,40918900,BRK,2022
Kyrie Irving,34916200,BRK,2022
Ben Simmons,33003936,BRK,2022
Joe Harris,17357143,BRK,2022
Seth Curry,8207518,BRK,2022
Patty Mills,5890000,BRK,2022
Bruce Brown,4736102,BRK,2022
Jevon Carter,3650000,BRK,2022
James Johnson,2641691,BRK,2022
Blake Griffin,2641691,BRK,2022
LaMarcus Aldridge,2641691,BRK,2022
Andre Drummond,2401537,BRK,2022
Edmond Sumner,2320000,BRK,2022
Jahlil Okafor,2130023,BRK,2022
Cam Thomas,2036280,BRK,2022
Day'Ron Sharpe,2009040,BRK,2022
DeAndre' Bembry,1939350,BRK,2022
Nic Claxton,1782621,BRK,2022
Goran Dragić,728742,BRK,2022
Langston Galloway,257418,BRK,2022
Shaquille Harrison,205662,BRK,2022
James Ennis,126528,BRK,2022
Wenyen Gabriel,99380,BRK,2022
Kessler Edwards,5318,BRK,2022
David Duke,0,BRK,2022
Gordon Hayward,29925000,CHO,2022
Terry Rozier,17905263,CHO,2022
Kelly Oubre,12000000,CHO,2022
Montrezl Harrell,9720900,CHO,2022
Nicolas Batum,8856969,CHO,2022
LaMelo Ball,8231760,CHO,2022
Mason Plumlee,8137500,CHO,2022
Miles Bridges,5421493,CHO,2022
P.J. Washington,4215120,CHO,2022
James Bouknight,4154400,CHO,2022
Kai Jones,2770560,CHO,2022
Wes Iwundu,1824003,CHO,2022
Cody Martin,1782621,CHO,2022
Jalen McDaniels,1782621,CHO,2022
Nick Richards,1517981,CHO,2022
JT Thor,1250000,CHO,2022
Isaiah Thomas,552077,CHO,2022
Scottie Lewis,0,CHO,2022
Arnoldas Kulboka,0,CHO,2022
DeMar DeRozan,26000000,CHI,2022
Nikola Vučević,24000000,CHI,2022
Zach LaVine,19500000,CHI,2022
Lonzo Ball,18604651,CHI,2022
Derrick Jones,9720900,CHI,2022
Alex Caruso,8604651,CHI,2022
Patrick Williams,7422000,CHI,2022
Coby White,5837760,CHI,2022
Troy Brown,5170564,CHI,2022
Tony Bradley,1789256,CHI,2022
Javonte Green,1669178,CHI,2022
Matt Thomas,1669178,CHI,2022
Alfonzo McKinnie,1293926,CHI,2022
Tristan Thompson,1000000,CHI,2022
Ayo Dosunmu,925258,CHI,2022
Marko Simonovic,925258,CHI,2022
Alize Johnson,705598,CHI,2022
Ersan İlyasova,151821,CHI,2022
Stanley Johnson,120083,CHI,2022
Mac McClung,106352,CHI,2022
Jordan Bell,102831,CHI,2022
Malcolm Hill,53176,CHI,2022
Devon Dotson,0,CHI,2022
Tyler Cook,0,CHI,2022
Kevin Love,31258256,CLE,2022
Jarrett Allen,20000000,CLE,2022
Caris LeVert,17500000,CLE,2022
Lauri Markkanen,15690909,CLE,2022
Cedi Osman,8133334,CLE,2022
Evan Mobley,8075160,CLE,2022
Darius Garland,7040880,CLE,2022
Isaac Okoro,6720720,CLE,2022
Collin Sexton,6349671,CLE,2022
Ed Davis,2641691,CLE,2022
Rajon Rondo,2641691,CLE,2022
Dylan Windler,2239200,CLE,2022
Dean Wade,1782621,CLE,2022
Kevin Pangos,1669178,CLE,2022
Lamar Stevens,1517981,CLE,2022
J.R. Smith,1456666,CLE,2022
Moses Brown,211046,CLE,2022
Tim Frazier,128709,CLE,2022
Justin Anderson,111457,CLE,2022
Luke Kornet,102831,CLE,2022
Brandon Goodwin,99380,CLE,2022
Malik Newman,85578,CLE,2022
RJ Nembhard,58493,CLE,2022
Tre Scott,53176,CLE,2022
Tacko Fall,0,CLE,2022
Tim Hardaway,21306816,DAL,2022
Spencer Dinwiddie,17142857,DAL,2022
Dāvis Bertāns,16000000,DAL,2022
Dwight Powell,11080125,DAL,2022
Luka Dončić,10174391,DAL,2022
Reggie Bullock,9536000,DAL,2022
Maxi Kleber,8750000,DAL,2022
Willie Cauley-Stein,4100000,DAL,2022
Dorian Finney-Smith,4000000,DAL,2022
Boban Marjanović,3500000,DAL,2022
Trey Burke,3150000,DAL,2022
Sterling Brown,3000000,DAL,2022
Josh Green,2957520,DAL,2022
Jalen Brunson,1802057,DAL,2022
Frank Ntilikina,1789256,DAL,2022
Moses Brown,1701593,DAL,2022
Tyrell Terry,1517981,DAL,2022
Marquese Chriss,1292900,DAL,2022
Brandon Knight,276038,DAL,2022
Theo Pinson,197076,DAL,2022
Isaiah Thomas,138019,DAL,2022
Charlie Brown,95930,DAL,2022
George King,85578,DAL,2022
Carlik Jones,53176,DAL,2022
Moses Wright,0,DAL,2022
Eugene Omoruyi,0,DAL,2022
JaQuori McLaughlin,0,DAL,2022
Nate Hinton,0,DAL,2022
Nikola Jokić,30510423,DEN,2022
Jamal Murray,29467800,DEN,2022
Aaron Gordon,16409091,DEN,2022
Will Barton,15625000,DEN,2022
Monte Morris,8849071,DEN,2022
JaMychal Green,8200000,DEN,2022
Michael Porter,5258735,DEN,2022
Jeff Green,4500000,DEN,2022
Bryn Forbes,4500000,DEN,2022
Facundo Campazzo,2975000,DEN,2022
Zeke Nnaji,2498760,DEN,2022
Austin Rivers,2401537,DEN,2022
Bones Hyland,2096880,DEN,2022
Vlatko Čančar,1782621,DEN,2022
DeMarcus Cousins,1138659,DEN,2022
Davon Reed,286164,DEN,2022
James Ennis,128709,DEN,2022
Rayjon Tucker,95930,DEN,2022
Carlik Jones,53176,DEN,2022
Markus Howard,0,DEN,2022
Petr Cornelie,0,DEN,2022
Blake Griffin,29764126,DET,2022
Jerami Grant,20002500,DET,2022
Kelly Olynyk,12195122,DET,2022
Marvin Bagley,11312114,DET,2022
Cade Cunningham,10050120,DET,2022
DeAndre Jordan,7875533,DET,2022
Cory Joseph,7310000,DET,2022
Killian Hayes,5572680,DET,2022
Hamidou Diallo,5200000,DET,2022
Isaiah Stewart,3277080,DET,2022
Frank Jackson,3000000,DET,2022
Dewayne Dedmon,2866667,DET,2022
Saddiq Bey,2824320,DET,2022
Rodney McGruder,1939350,DET,2022
Deividas Sirvydis,1603559,DET,2022
Saben Lee,1489065,DET,2022
Isaiah Livers,1057260,DET,2022
Luka Garza,925258,DET,2022
Cassius Stanley,256734,DET,2022
Cheick Diallo,102831,DET,2022
Derrick Walton,95930,DET,2022
Justin Robinson,95930,DET,2022
Carsen Edwards,76744,DET,2022
Micah Potter,53176,DET,2022
Trayvon Palmer,53176,DET,2022
Jaysean Paige,53176,DET,2022
Braxton Key,53176,DET,2022
Jamorko Pickett,0,DET,2022
Chris Smith,0,DET,2022
Stephen Curry,45780966,GSW,2022
Klay Thompson,37980720,GSW,2022
Andrew Wiggins,31579390,GSW,2022
Draymond Green,24026712,GSW,2022
James Wiseman,9166800,GSW,2022
Jonathan Kuminga,5466360,GSW,2022
Kevon Looney,5178572,GSW,2022
Moses Moody,3562080,GSW,2022
Andre Iguodala,2641691,GSW,2022
Otto Porter,2389641,GSW,2022
Jordan Poole,2161440,GSW,2022
Nemanja Bjelica,2089448,GSW,2022
Gary Payton,1939350,GSW,2022
Damion Lee,1910860,GSW,2022
Juan Toscano-Anderson,1701593,GSW,2022
Shaun Livingston,666667,GSW,2022
Quinndary Weatherspoon,95930,GSW,2022
Jeff Dowtin,0,GSW,2022
Chris Chiozza,0,GSW,2022
John Wall,44310840,HOU,2022
Eric Gordon,18218818,HOU,2022
Christian Wood,13666667,HOU,2022
Jalen Green,8992200,HOU,2022
D.J. Augustin,7000000,HOU,2022
Dennis Schröder,5890000,HOU,2022
David Nwaba,4650000,HOU,2022
Sekou Doumbouya,3613680,HOU,2022
Alperen Şengün,3214680,HOU,2022
Enes Freedom,2641691,HOU,2022
Usman Garuba,2353320,HOU,2022
Josh Christopher,2259240,HOU,2022
Garrison Mathews,2000000,HOU,2022
Bruno Fernando,1782621,HOU,2022
Kevin Porter,1782621,HOU,2022
Kenyon Martin,1517981,HOU,2022
Jae'Sean Tate,1517981,HOU,2022
Armoni Brooks,1489065,HOU,2022
Danuel House,1387498,HOU,2022
Daishen Nix,612000,HOU,2022
Troy Williams,122741,HOU,2022
DeJon Jarreau,53176,HOU,2022
Mfiondu Kabengele,19186,HOU,2022
Anthony Lamb,0,HOU,2022
Trevelin Queen,0,HOU,2022
Tyler Bey,0,HOU,2022
Buddy Hield,22477273,IND,2022
Malcolm Brogdon,21700000,IND,2022
Ricky Rubio,17800000,IND,2022
Myles Turner,17500000,IND,2022
T.J. Warren,12690000,IND,2022
Tristan Thompson,8946611,IND,2022
T.J. McConnell,7500000,IND,2022
Jalen Smith,4458000,IND,2022
Tyrese Haliburton,4023600,IND,2022
Chris Duarte,3749520,IND,2022
Goga Bitadze,3098400,IND,2022
Isaiah Jackson,2451120,IND,2022
Monta Ellis,2245400,IND,2022
Oshae Brissett,1701593,IND,2022
Lance Stephenson,1476806,IND,2022
Duane Washington,950000,IND,2022
Brad Wanamaker,715538,IND,2022
Terry Taylor,600000,IND,2022
Keifer Sykes,558345,IND,2022
Justin Anderson,334371,IND,2022
Reggie Perry,85578,IND,2022
Nate Hinton,85578,IND,2022
Ahmad Caver,53176,IND,2022
DeJon Jarreau,0,IND,2022
Gabe York,0,IND,2022
Paul George,39344970,LAC,2022
Kawhi Leonard,39344900,LAC,2022
Marcus Morris,15627907,LAC,2022
Norman Powell,15517242,LAC,2022
Robert Covington,12975471,LAC,2022
Luke Kennard,12727273,LAC,2022
Reggie Jackson,10384500,LAC,2022
Ivica Zubac,7518518,LAC,2022
Nicolas Batum,3170029,LAC,2022
Rodney Hood,2239544,LAC,2022
Semi Ojeleye,1789256,LAC,2022
Terance Mann,1782621,LAC,2022
Isaiah Hartenstein,1729217,LAC,2022
Jason Preston,1062303,LAC,2022
Brandon Boston,925258,LAC,2022
Wenyen Gabriel,198760,LAC,2022
Xavier Moon,159528,LAC,2022
Amir Coffey,153488,LAC,2022
James Ennis,128709,LAC,2022
Moses Wright,53176,LAC,2022
Jay Scrubb,0,LAC,2022
Russell Westbrook,44211146,LAL,2022
LeBron James,41180544,LAL,2022
Anthony Davis,35361360,LAL,2022
Talen Horton-Tucker,9500000,LAL,2022
Kendrick Nunn,5000000,LAL,2022
Luol Deng,5000000,LAL,2022
Dwight Howard,2641691,LAL,2022
DeAndre Jordan,2641691,LAL,2022
Carmelo Anthony,2641691,LAL,2022
Wayne Ellington,2641691,LAL,2022
Avery Bradley,2641691,LAL,2022
Trevor Ariza,2641691,LAL,2022
Kent Bazemore,2401537,LAL,2022
Malik Monk,1789256,LAL,2022
Stanley Johnson,1248865,LAL,2022
Austin Reaves,925258,LAL,2022
D.J. Augustin,622467,LAL,2022
Darren Collison,151821,LAL,2022
Isaiah Thomas,138019,LAL,2022
Jemerrio Jones,85578,LAL,2022
Wenyen Gabriel,29814,LAL,2022
Sekou Doumbouya,0,LAL,2022
Chaundee Brown,0,LAL,2022
Jay Huff,0,LAL,2022
Mason Jones,0,LAL,2022
Mac McClung,0,LAL,2022
Steven Adams,17073171,MEM,2022
Dillon Brooks,12200000,MEM,2022
Kyle Anderson,9937150,MEM,2022
Ja Morant,9603360,MEM,2022
Jaren Jackson,9180560,MEM,2022
De'Anthony Melton,8805976,MEM,2022
Tyus Jones,7600000,MEM,2022
Jarrett Culver,6395160,MEM,2022
Kris Dunn,5005350,MEM,2022
Rajon Rondo,4858309,MEM,2022
Ziaire Williams,4373160,MEM,2022
Brandon Clarke,2726880,MEM,2022
Marc Gasol,2692991,MEM,2022
John Konchar,2200000,MEM,2022
Desmond Bane,2033160,MEM,2022
Santi Aldama,1994520,MEM,2022
Killian Tillie,1901625,MEM,2022
Carsen Edwards,1782621,MEM,2022
Sam Merrill,1517981,MEM,2022
Daniel Oturu,1517981,MEM,2022
Xavier Tillman,1517981,MEM,2022
Jontay Porter,300000,MEM,2022
Dakota Mathias,106352,MEM,2022
Shaquille Harrison,102831,MEM,2022
DaQuan Jeffries,95930,MEM,2022
Tyrell Terry,85578,MEM,2022
Shaq Buchanan,53176,MEM,2022
Xavier Sneed,53176,MEM,2022
Jon Teske,53176,MEM,2022
Yves Pons,0,MEM,2022
Jimmy Butler,36016200,MIA,2022
Bam Adebayo,28103550,MIA,2022
Kyle Lowry,26984128,MIA,2022
Duncan Robinson,15560000,MIA,2022
P.J. Tucker,7000000,MIA,2022
Ryan Anderson,5214584,MIA,2022
Tyler Herro,4004280,MIA,2022
Udonis Haslem,2641691,MIA,2022
Markieff Morris,2641691,MIA,2022
Dewayne Dedmon,2389641,MIA,2022
Victor Oladipo,2389641,MIA,2022
Gabe Vincent,1669178,MIA,2022
Max Strus,1669178,MIA,2022
Omer Yurtseven,1489065,MIA,2022
Haywood Highsmith,547701,MIA,2022
Caleb Martin,527615,MIA,2022
Chris Silva,383720,MIA,2022
Kyle Guy,191860,MIA,2022
Mario Chalmers,138019,MIA,2022
Nik Stauskas,111457,MIA,2022
Zylan Cheatham,85578,MIA,2022
Aric Holman,53176,MIA,2022
Javonte Smart,0,MIA,2022
Mychal Mulder,0,MIA,2022
Marcus Garrett,0,MIA,2022
Giannis Antetokounmpo,39344970,MIL,2022
Khris Middleton,35500000,MIL,2022
Jrue Holiday,30133333,MIL,2022
Brook Lopez,13302325,MIL,2022
Serge Ibaka,9720900,MIL,2022
Pat Connaughton,5333333,MIL,2022
Bobby Portis,4347600,MIL,2022
Grayson Allen,4054695,MIL,2022
George Hill,4000000,MIL,2022
Jon Leuer,3169347,MIL,2022
Wesley Matthews,1958501,MIL,2022
Larry Sanders,1865547,MIL,2022
Thanasis Antetokounmpo,1729217,MIL,2022
Jordan Nwora,1517981,MIL,2022
DeMarcus Cousins,607285,MIL,2022
DeAndre' Bembry,601867,MIL,2022
Georgios Kalaitzakis,462629,MIL,2022
Jevon Carter,457149,MIL,2022
Greg Monroe,138019,MIL,2022
Langston Galloway,128709,MIL,2022
Luke Kornet,102831,MIL,2022
Jeff Dowtin,53176,MIL,2022
Javin DeLaurier,53176,MIL,2022
Luca Vildoza,42789,MIL,2022
Rayjon Tucker,28779,MIL,2022
Sandro Mamukelashvili,0,MIL,2022
Justin Robinson,0,MIL,2022
Javonte Smart,0,MIL,2022
Lindell Wigginton,0,MIL,2022
Karl-Anthony Towns,31650600,MIN,2022
D'Angelo Russell,30013500,MIN,2022
Malik Beasley,14391964,MIN,2022
Patrick Beverley,14320988,MIN,2022
Taurean Prince,13000000,MIN,2022
Anthony Edwards,10245480,MIN,2022
Josh Okogie,4087904,MIN,2022
Jarred Vanderbilt,4000000,MIN,2022
Jake Layman,3940184,MIN,2022
Leandro Bolmaro,2353320,MIN,2022
Jaden McDaniels,2063280,MIN,2022
Jordan McLaughlin,2000000,MIN,2022
Jaylen Nowell,1782621,MIN,2022
Naz Reid,1782621,MIN,2022
Greg Monroe,193227,MIN,2022
Chris Silva,95930,MIN,2022
Rayjon Tucker,95930,MIN,2022
Nathan Knight,0,MIN,2022
McKinley Wright,0,MIN,2022
CJ McCollum,30864198,NOP,2022
Brandon Ingram,29467800,NOP,2022
Jonas Valančiūnas,14000000,NOP,2022
Devonte' Graham,11000000,NOP,2022
Zion Williamson,10733400,NOP,2022
Larry Nance,10690909,NOP,2022
Jaxson Hayes,5348280,NOP,2022
Garrett Temple,4910000,NOP,2022
Kira Lewis,3822240,NOP,2022
Trey Murphy,3053760,NOP,2022
Tony Snell,2389641,NOP,2022
Willy Hernangómez,2327220,NOP,2022
Herbert Jones,1700000,NOP,2022
Naji Marshall,1517981,NOP,2022
Jose Alvarado,1500000,NOP,2022
Gary Clark,377645,NOP,2022
Alize Johnson,198760,NOP,2022
Tyrone Wallace,191860,NOP,2022
Wenyen Gabriel,99380,NOP,2022
Justin James,95930,NOP,2022
Miye Oni,95930,NOP,2022
Jared Harper,95930,NOP,2022
Zylan Cheatham,89057,NOP,2022
Feron Hunt,53176,NOP,2022
Daulton Hommes,0,NOP,2022
Anthony Tolliver,0,NOP,2022
Julius Randle,19800000,NYK,2022
Evan Fournier,17142857,NYK,2022
Derrick Rose,13445120,NYK,2022
Alec Burks,9536000,NYK,2022
Nerlens Noel,8800000,NYK,2022
Kemba Walker,8729020,NYK,2022
RJ Barrett,8623920,NYK,2022
Joakim Noah,6431666,NYK,2022
Obi Toppin,5105160,NYK,2022
Taj Gibson,4910000,NYK,2022
Cam Reddish,4670160,NYK,2022
Solomon Hill,2389641,NYK,2022
Immanuel Quickley,2210640,NYK,2022
Quentin Grimes,2168760,NYK,2022
Mitchell Robinson,1802057,NYK,2022
Miles McBride,925258,NYK,2022
Denzel Valentine,902801,NYK,2022
Ryan Arcidiacono,791798,NYK,2022
Wayne Selden,785102,NYK,2022
Damyean Dotson,205662,NYK,2022
Matt Mooney,171156,NYK,2022
Danuel House,111457,NYK,2022
Tyler Hall,53176,NYK,2022
Feron Hunt,0,NYK,2022
Luka Šamanić,0,NYK,2022
Jericho Sims,0,NYK,2022
Kemba Walker,26238422,OKC,2022
Derrick Favors,9720900,OKC,2022
Josh Giddey,5988000,OKC,2022
Shai Gilgeous-Alexander,5495532,OKC,2022
Mike Muscala,3500000,OKC,2022
Aleksej Pokusevski,3113160,OKC,2022
Tre Mann,2901240,OKC,2022
Darius Bazley,2513040,OKC,2022
Ty Jerome,2412840,OKC,2022
Kenrich Williams,2000000,OKC,2022
Jeremiah Robinson-Earl,2000000,OKC,2022
Théo Maledon,2000000,OKC,2022
Isaiah Roby,1782621,OKC,2022
Luguentz Dort,1782621,OKC,2022
KZ Okpala,1782621,OKC,2022
Gabriel Deck,1690507,OKC,2022
Mamadi Diakite,1040234,OKC,2022
Aaron Wiggins,1000000,OKC,2022
Kyle Singler,999200,OKC,2022
Vit Krejci,925258,OKC,2022
Patrick Patterson,737066,OKC,2022
Admiral Schofield,300000,OKC,2022
Jaylen Hoard,191860,OKC,2022
Olivier Sarr,106352,OKC,2022
Scotty Hopson,99380,OKC,2022
Georgios Kalaitzakis,53176,OKC,2022
Zavier Simpson,53176,OKC,2022
Rob Edwards,53176,OKC,2022
Miye Oni,51225,OKC,2022
Lindy Waters,0,OKC,2022
Paul Watson,0,OKC,2022
Melvin Frazier,0,OKC,2022
Josh Hall,0,OKC,2022
Gary Harris,20482143,ORL,2022
Jonathan Isaac,17400000,ORL,2022
Markelle Fultz,16500000,ORL,2022
Terrence Ross,12500000,ORL,2022
Mohamed Bamba,7568742,ORL,2022
Wendell Carter,6920027,ORL,2022
Jalen Suggs,6592920,ORL,2022
Timofey Mozgov,5573334,ORL,2022
Franz Wagner,5007840,ORL,2022
Robin Lopez,5000000,ORL,2022
Cole Anthony,3449400,ORL,2022
Michael Carter-Williams,3300000,ORL,2022
Chuma Okeke,3277080,ORL,2022
E'Twaun Moore,2641691,ORL,2022
R.J. Hampton,2303040,ORL,2022
Bol Bol,2161152,ORL,2022
PJ Dozier,1910860,ORL,2022
Moritz Wagner,1729217,ORL,2022
Tim Frazier,257418,ORL,2022
Devin Cannady,185578,ORL,2022
Freddie Gillespie,171156,ORL,2022
Admiral Schofield,171156,ORL,2022
Hassani Gravett,106352,ORL,2022
B.J. Johnson,95930,ORL,2022
Aleem Ford,53176,ORL,2022
Jeff Dowtin,53176,ORL,2022
Mychal Mulder,0,ORL,2022
Ignas Brazdeikis,0,ORL,2022
James Harden,44310840,PHI,2022
Tobias Harris,35995950,PHI,2022
Joel Embiid,31579390,PHI,2022
Danny Green,10000000,PHI,2022
Furkan Korkmaz,4629630,PHI,2022
Georges Niang,3300000,PHI,2022
Matisse Thybulle,2840160,PHI,2022
Paul Millsap,2641691,PHI,2022
Tyrese Maxey,2602920,PHI,2022
Jaden Springer,2023680,PHI,2022
Shake Milton,1846738,PHI,2022
Paul Reed,1517981,PHI,2022
Isaiah Joe,1517981,PHI,2022
George Hill,1275491,PHI,2022
Charles Bassey,925258,PHI,2022
DeAndre Jordan,592103,PHI,2022
Tyler Johnson,128709,PHI,2022
Willie Cauley-Stein,120083,PHI,2022
Charlie Brown,95930,PHI,2022
Braxton Key,53176,PHI,2022
Grant Riller,0,PHI,2022
Myles Powell,0,PHI,2022
Aaron Henry,0,PHI,2022
Rayjon Tucker,0,PHI,2022
Devin Booker,31650600,PHO,2022
Chris Paul,30800000,PHO,2022
Deandre Ayton,12632950,PHO,2022
Jae Crowder,9720900,PHO,2022
Dario Šarić,8510000,PHO,2022
Cameron Payne,6500000,PHO,2022
Mikal Bridges,5557725,PHO,2022
JaVale McGee,5000000,PHO,2022
Torrey Craig,4878049,PHO,2022
Cameron Johnson,4437000,PHO,2022
Aaron Holiday,3980551,PHO,2022
Landry Shamet,3768342,PHO,2022
Elfrid Payton,2239544,PHO,2022
Frank Kaminsky,2089448,PHO,2022
Abdel Nader,2000000,PHO,2022
Bismack Biyombo,1518213,PHO,2022
Justin Jackson,205662,PHO,2022
Paris Bass,106352,PHO,2022
Emanuel Terry,85578,PHO,2022
M.J. Walker,53176,PHO,2022
Ish Wainright,8558,PHO,2022
Gabriel Lundberg,0,PHO,2022
Chandler Hutchison,0,PHO,2022
Damian Lillard,39344900,POR,2022
Eric Bledsoe,18125000,POR,2022
Joe Ingles,12436364,POR,2022
Jusuf Nurkić,12000000,POR,2022
Josh Hart,12000000,POR,2022
Anfernee Simons,3938818,POR,2022
Justise Winslow,3902439,POR,2022
Andrew Nicholson,2844430,POR,2022
Keon Johnson,2553240,POR,2022
Cody Zeller,2389641,POR,2022
Ben McLemore,2389641,POR,2022
Nassir Little,2316240,POR,2022
Dennis Smith,1789256,POR,2022
Marcos Louzada Silva,1786878,POR,2022
Elijah Hughes,1517981,POR,2022
CJ Elleby,1517981,POR,2022
Greg Brown,925258,POR,2022
Drew Eubanks,477024,POR,2022
Trendon Watford,436482,POR,2022
Kris Dunn,312079,POR,2022
Reggie Perry,188272,POR,2022
Cameron McGriff,53176,POR,2022
Jarron Cumberland,53176,POR,2022
Brandon Williams,53176,POR,2022
Keljin Blevins,0,POR,2022
De'Aaron Fox,28103500,SAC,2022
Harrison Barnes,20284091,SAC,2022
Domantas Sabonis,18500000,SAC,2022
Jeremy Lamb,10500000,SAC,2022
Richaun Holmes,10384500,SAC,2022
Justin Holiday,6006420,SAC,2022
Josh Jackson,5005350,SAC,2022
Donte DiVincenzo,4675830,SAC,2022
Davion Mitchell,4603200,SAC,2022
Maurice Harkless,4347600,SAC,2022
Terence Davis,4000000,SAC,2022
Alex Len,3732000,SAC,2022
Trey Lyles,2500000,SAC,2022
Damian Jones,1977011,SAC,2022
Chimezie Metu,1762796,SAC,2022
Jahmi'us Ramsey,1517981,SAC,2022
Robert Woodard,1517981,SAC,2022
Emmanuel Mudiay,111457,SAC,2022
Justin Robinson,94304,SAC,2022
Ade Murkey,53176,SAC,2022
Louis King,0,SAC,2022
Neemias Queta,0,SAC,2022
Goran Dragić,18620165,SAS,2022
Dejounte Murray,15428880,SAS,2022
Doug McDermott,13750000,SAS,2022
Josh Richardson,11615328,SAS,2022
Al-Farouq Aminu,10183800,SAS,2022
Tomáš Satoranský,9531881,SAS,2022
Jakob Poeltl,8750000,SAS,2022
Zach Collins,7000000,SAS,2022
Lonnie Walker,4447896,SAS,2022
Devin Vassell,4235160,SAS,2022
Chandler Hutchison,4019459,SAS,2022
Joshua Primo,3946800,SAS,2022
Romeo Langford,3804360,SAS,2022
Luka Šamanić,2959080,SAS,2022
Keldon Johnson,2145720,SAS,2022
Keita Bates-Diop,1729217,SAS,2022
Tre Jones,1517981,SAS,2022
DeMarre Carroll,1242340,SAS,2022
Jock Landale,925258,SAS,2022
Devontae Cacok,364533,SAS,2022
Joe Wieskamp,202068,SAS,2022
Tyler Johnson,128709,SAS,2022
Jaylen Morris,95930,SAS,2022
Anthony Lamb,85578,SAS,2022
D. J. Stewart,0,SAS,2022
Robert Woodard,0,SAS,2022
Pascal Siakam,33003936,TOR,2022
Fred VanVleet,19675926,TOR,2022
OG Anunoby,16071429,TOR,2022
Gary Trent,16000000,TOR,2022
Thaddeus Young,14190000,TOR,2022
Scottie Barnes,7280400,TOR,2022
Chris Boucher,7020000,TOR,2022
Khem Birch,6350000,TOR,2022
Precious Achiuwa,2711280,TOR,2022
Malachi Flynn,2048040,TOR,2022
Drew Eubanks,1762796,TOR,2022
Yuta Watanabe,1762796,TOR,2022
Svi Mykhailiuk,1729217,TOR,2022
Isaac Bonga,1729217,TOR,2022
Dalano Banton,925258,TOR,2022
Armoni Brooks,421156,TOR,2022
Sam Dekker,350000,TOR,2022
D.J. Wilson,308493,TOR,2022
Ish Wainright,250000,TOR,2022
Juwan Morgan,95930,TOR,2022
Tremont Waters,95930,TOR,2022
Daniel Oturu,85578,TOR,2022
David Johnson,0,TOR,2022
Justin Champagnie,0,TOR,2022
Rudy Gobert,35344828,UTA,2022
Donovan Mitchell,28103500,UTA,2022
Mike Conley,21000000,UTA,2022
Bojan Bogdanović,18502000,UTA,2022
Jordan Clarkson,12420000,UTA,2022
Royce O'Neale,8800000,UTA,2022
Juancho Hernangómez,6175440,UTA,2022
Rudy Gay,5890000,UTA,2022
Nickeil Alexander-Walker,3261480,UTA,2022
Hassan Whiteside,2401537,UTA,2022
Udoka Azubuike,2075880,UTA,2022
Eric Paschall,1782621,UTA,2022
Danuel House,991967,UTA,2022
Jared Butler,925258,UTA,2022
Greg Monroe,138019,UTA,2022
Denzel Valentine,111457,UTA,2022
Norvel Pelle,95930,UTA,2022
Zylan Cheatham,89057,UTA,2022
Jarrell Brantley,84414,UTA,2022
Trent Forrest,8558,UTA,2022
Malik Fitts,0,UTA,2022
Justin James,0,UTA,2022
Xavier Sneed,0,UTA,2022
Bradley Beal,33724200,WAS,2022
Kristaps Porziņģis,31650600,WAS,2022
Kentavious Caldwell-Pope,13038862,WAS,2022
Kyle Kuzma,13000000,WAS,2022
Thomas Bryant,8666667,WAS,2022
Rui Hachimura,4916160,WAS,2022
Deni Avdija,4692840,WAS,2022
Ish Smith,4500000,WAS,2022
Corey Kispert,3383640,WAS,2022
Raul Neto,2089448,WAS,2022
Daniel Gafford,1782621,WAS,2022
Anthony Gill,1517981,WAS,2022
Vernon Carey,1517981,WAS,2022
Isaiah Todd,1500000,WAS,2022
Tomáš Satoranský,468119,WAS,2022
Greg Monroe,138019,WAS,2022
Alize Johnson,99380,WAS,2022
Brad Wanamaker,99380,WAS,2022
Tremont Waters,95930,WAS,2022
Jordan Goodwin,53176,WAS,2022
Jaime Echenique,53176,WAS,2022
Jordan Schakel,53176,WAS,2022
Craig Sword,53176,WAS,2022
Cassius Winston,0,WAS,2022
Joel Ayayi,0,WAS,2022
Trae Young,37096500,ATL,2023
John Collins,23500000,ATL,2023
Clint Capela,18706897,ATL,2023
Bogdan Bogdanović,18000000,ATL,2023
Dejounte Murray,16571120,ATL,2023
De'Andre Hunter,9835881,ATL,2023
Onyeka Okongwu,6395160,ATL,2023
AJ Griffin,3536160,ATL,2023
Saddiq Bey,2959080,ATL,2023
Jalen Johnson,2792640,ATL,2023
Bruno Fernando,2717391,ATL,2023
Garrison Mathews,2000000,ATL,2023
Aaron Holiday,1836090,ATL,2023
Vit Krejci,1563518,ATL,2023
Tyrese Martin,1017781,ATL,2023
Derrick Favors,105522,ATL,2023
Jayson Tatum,30351780,BOS,2023
Jaylen Brown,28741071,BOS,2023
Al Horford,26500000,BOS,2023
Malcolm Brogdon,22600000,BOS,2023
Marcus Smart,17457142,BOS,2023
Derrick White,16892857,BOS,2023
Robert Williams,10937502,BOS,2023
Danilo Gallinari,6479000,BOS,2023
Grant Williams,4306281,BOS,2023
Mike Muscala,3500000,BOS,2023
Payton Pritchard,2239200,BOS,2023
Luke Kornet,2133278,BOS,2023
Blake Griffin,1836090,BOS,2023
Sam Hauser,1637966,BOS,2023
Demetrius Jackson,92857,BOS,2023
Justin Champagnie,28241,BOS,2023
Ben Simmons,35448672,BRK,2023
Mikal Bridges,20100000,BRK,2023
Spencer Dinwiddie,19500000,BRK,2023
Joe Harris,18642857,BRK,2023
Dorian Finney-Smith,12939848,BRK,2023
Royce O'Neale,9200000,BRK,2023
Nic Claxton,8500000,BRK,2023
Seth Curry,8496653,BRK,2023
Patty Mills,6479000,BRK,2023
Cameron Johnson,5887899,BRK,2023
Jevon Carter,3925000,BRK,2023
Cam Thomas,2138160,BRK,2023
Day'Ron Sharpe,2109480,BRK,2023
Edmond Sumner,1968175,BRK,2023
Yuta Watanabe,1836090,BRK,2023
Moses Brown,105522,BRK,2023
Moses Brown,105522,BRK,2023
Nerlens Noel,105522,BRK,2023
David Duke,28241,BRK,2023
Gordon Hayward,30075000,CHO,2023
Terry Rozier,21486316,CHO,2023
Kelly Oubre,12600000,CHO,2023
Reggie Jackson,10876844,CHO,2023
Nicolas Batum,8856969,CHO,2023
LaMelo Ball,8623920,CHO,2023
Cody Martin,7000000,CHO,2023
P.J. Washington,5808435,CHO,2023
James Bouknight,4362240,CHO,2023
Mark Williams,3722040,CHO,2023
Kai Jones,2909040,CHO,2023
Svi Mykhailiuk,1836090,CHO,2023
Dennis Smith,1836090,CHO,2023
Nick Richards,1782621,CHO,2023
JT Thor,1563518,CHO,2023
Bryce McGowens,1075000,CHO,2023
Xavier Sneed,94136,CHO,2023
Kobi Simmons,32795,CHO,2023
Zach LaVine,37096500,CHI,2023
DeMar DeRozan,27300000,CHI,2023
Nikola Vučević,22000000,CHI,2023
Lonzo Ball,19534884,CHI,2023
Alex Caruso,9030000,CHI,2023
Patrick Williams,7775400,CHI,2023
Coby White,7413955,CHI,2023
Andre Drummond,3200000,CHI,2023
Derrick Jones,3200000,CHI,2023
Dalen Terry,3191400,CHI,2023
Tony Bradley,2036318,CHI,2023
Goran Dragić,1836090,CHI,2023
Javonte Green,1815677,CHI,2023
Marko Simonovic,1563518,CHI,2023
Ayo Dosunmu,1563518,CHI,2023
Patrick Beverley,506508,CHI,2023
Carlik Jones,357717,CHI,2023
Donovan Mitchell,30913750,CLE,2023
Kevin Love,27442830,CLE,2023
Jarrett Allen,20000000,CLE,2023
Caris LeVert,18796296,CLE,2023
Darius Garland,8920795,CLE,2023
Evan Mobley,8478720,CLE,2023
Cedi Osman,7426088,CLE,2023
Isaac Okoro,7040880,CLE,2023
Ricky Rubio,5853659,CLE,2023
Dylan Windler,4037278,CLE,2023
Danny Green,2000000,CLE,2023
Dean Wade,1930681,CLE,2023
Raul Neto,1836090,CLE,2023
Robin Lopez,1836090,CLE,2023
Lamar Stevens,1782621,CLE,2023
Sam Merrill,850000,CLE,2023
Sam Merrill,105522,CLE,2023
Kyrie Irving,38917057,DAL,2023
Luka Dončić,37096500,DAL,2023
Tim Hardaway,19602273,DAL,2023
Dāvis Bertāns,16000000,DAL,2023
Christian Wood,14317459,DAL,2023
Dwight Powell,11080125,DAL,2023
Reggie Bullock,10012800,DAL,2023
Maxi Kleber,9000000,DAL,2023
JaVale McGee,5461219,DAL,2023
Josh Green,3098400,DAL,2023
Frank Ntilikina,2036318,DAL,2023
Theo Pinson,1836090,DAL,2023
Markieff Morris,1836090,DAL,2023
Jaden Hardy,1017781,DAL,2023
Kemba Walker,684712,DAL,2023
Justin Holiday,569821,DAL,2023
Facundo Campazzo,464299,DAL,2023
Chris Silva,105522,DAL,2023
Chris Silva,105522,DAL,2023
Nikola Jokić,33047803,DEN,2023
Jamal Murray,31650600,DEN,2023
Michael Porter,30913750,DEN,2023
Aaron Gordon,19690909,DEN,2023
Kentavious Caldwell-Pope,14004703,DEN,2023
Bruce Brown,6479000,DEN,2023
Ish Smith,4725000,DEN,2023
Jeff Green,4500000,DEN,2023
Christian Braun,2808600,DEN,2023
Zeke Nnaji,2617800,DEN,2023
Vlatko Čančar,2234359,DEN,2023
Peyton Watson,2193960,DEN,2023
Thomas Bryant,1836090,DEN,2023
DeAndre Jordan,1836090,DEN,2023
Reggie Jackson,580373,DEN,2023
Bojan Bogdanović,19550000,DET,2023
Marvin Bagley,12500000,DET,2023
Cade Cunningham,10552800,DET,2023
Alec Burks,10012800,DET,2023
James Wiseman,9603360,DET,2023
Nerlens Noel,9240000,DET,2023
Kemba Walker,9165471,DET,2023
DeAndre Jordan,7827907,DET,2023
Jaden Ivey,7252200,DET,2023
Killian Hayes,5837760,DET,2023
Hamidou Diallo,5200000,DET,2023
Cory Joseph,5155500,DET,2023
Jalen Duren,4124280,DET,2023
Isaiah Stewart,3433320,DET,2023
Dewayne Dedmon,2748674,DET,2023
Rodney McGruder,1836090,DET,2023
Isaiah Livers,1563518,DET,2023
R.J. Hampton,485403,DET,2023
Eugene Omoruyi,269445,DET,2023
Eugene Omoruyi,94136,DET,2023
Eugene Omoruyi,94136,DET,2023
Stanley Umude,58493,DET,2023
Stephen Curry,48070014,GSW,2023
Klay Thompson,40600080,GSW,2023
Andrew Wiggins,33616770,GSW,2023
Draymond Green,25806468,GSW,2023
Gary Payton,8300000,GSW,2023
Kevon Looney,8000000,GSW,2023
Jonathan Kuminga,5739840,GSW,2023
Donte DiVincenzo,4500000,GSW,2023
Jordan Poole,3901399,GSW,2023
Moses Moody,3740160,GSW,2023
Patrick Baldwin,2226000,GSW,2023
JaMychal Green,1836090,GSW,2023
Andre Iguodala,1836090,GSW,2023
Ryan Rollins,1017781,GSW,2023
Anthony Lamb,253254,GSW,2023
Lester Quinones,58493,GSW,2023
John Wall,40866760,HOU,2023
Derrick Favors,10183800,HOU,2023
Danny Green,9710528,HOU,2023
Jalen Green,9441840,HOU,2023
Jabari Smith,8882640,HOU,2023
Jae'Sean Tate,7065217,HOU,2023
John Wall,6479000,HOU,2023
Justin Holiday,6292440,HOU,2023
Maurice Harkless,4564980,HOU,2023
Ty Jerome,4220057,HOU,2023
Boban Marjanović,3500000,HOU,2023
Alperen Şengün,3375360,HOU,2023
Tari Eason,3359160,HOU,2023
Kevin Porter,3217631,HOU,2023
Usman Garuba,2471160,HOU,2023
Josh Christopher,2372160,HOU,2023
TyTy Washington,2210040,HOU,2023
Théo Maledon,1900000,HOU,2023
Frank Kaminsky,1836090,HOU,2023
Kenyon Martin,1782621,HOU,2023
Daishen Nix,1563518,HOU,2023
Boban Marjanović,601478,HOU,2023
D.J. Augustin,333333,HOU,2023
D.J. Augustin,189940,HOU,2023
Troy Williams,122741,HOU,2023
Willie Cauley-Stein,105522,HOU,2023
Willie Cauley-Stein,10552,HOU,2023
Myles Turner,35069500,IND,2023
Buddy Hield,21177750,IND,2023
Daniel Theis,8694369,IND,2023
T.J. McConnell,8100000,IND,2023
Bennedict Mathurin,6586800,IND,2023
Goga Bitadze,4765339,IND,2023
Jalen Smith,4670160,IND,2023
Tyrese Haliburton,4215120,IND,2023
George Hill,4000000,IND,2023
Chris Duarte,3936960,IND,2023
Aaron Nesmith,3804360,IND,2023
Jordan Nwora,2800000,IND,2023
Isaiah Jackson,2573760,IND,2023
Andrew Nembhard,2244111,IND,2023
Oshae Brissett,1846738,IND,2023
Serge Ibaka,1836090,IND,2023
James Johnson,1836090,IND,2023
Terry Taylor,1563518,IND,2023
Nik Stauskas,702311,IND,2023
James Johnson,590926,IND,2023
Juwan Morgan,576230,IND,2023
Malik Fitts,555217,IND,2023
Kawhi Leonard,42492492,LAC,2023
Paul George,42492492,LAC,2023
Eric Gordon,19568360,LAC,2023
Norman Powell,16758621,LAC,2023
Marcus Morris,16372093,LAC,2023
Robert Covington,12307692,LAC,2023
Nicolas Batum,10843350,LAC,2023
Ivica Zubac,10123457,LAC,2023
Mason Plumlee,9080417,LAC,2023
Amir Coffey,3395062,LAC,2023
Bones Hyland,2201520,LAC,2023
Terance Mann,1930681,LAC,2023
Brandon Boston,1563518,LAC,2023
Jason Preston,1563518,LAC,2023
Russell Westbrook,495955,LAC,2023
LeBron James,44474988,LAL,2023
Anthony Davis,37980720,LAL,2023
D'Angelo Russell,31377750,LAL,2023
Malik Beasley,15558035,LAL,2023
Mohamed Bamba,10300000,LAL,2023
Lonnie Walker,6479000,LAL,2023
Rui Hachimura,6263188,LAL,2023
Jarred Vanderbilt,4374000,LAL,2023
Davon Reed,1902133,LAL,2023
Wenyen Gabriel,1878720,LAL,2023
Troy Brown,1836090,LAL,2023
Dennis Schröder,1836090,LAL,2023
Austin Reaves,1563518,LAL,2023
Max Christie,1017781,LAL,2023
Matt Ryan,442439,LAL,2023
Sterling Brown,105522,LAL,2023
Shaquille Harrison,12260,LAL,2023
Tristan Thompson,10552,LAL,2023
Jaren Jackson,28946605,MEM,2023
Steven Adams,17926829,MEM,2023
Tyus Jones,15000000,MEM,2023
Luke Kennard,14415545,MEM,2023
Ja Morant,12119440,MEM,2023
Dillon Brooks,11400000,MEM,2023
Ziaire Williams,4591680,MEM,2023
Brandon Clarke,4343920,MEM,2023
Jake LaRavia,3047640,MEM,2023
David Roddy,2588640,MEM,2023
John Konchar,2300000,MEM,2023
Desmond Bane,2130240,MEM,2023
Santi Aldama,2094120,MEM,2023
Killian Tillie,1901625,MEM,2023
Xavier Tillman,1782621,MEM,2023
Kennedy Chandler,1200000,MEM,2023
Kenneth Lofton,1000000,MEM,2023
Jimmy Butler,37653300,MIA,2023
Bam Adebayo,30351780,MIA,2023
Kyle Lowry,28333334,MIA,2023
Duncan Robinson,16902000,MIA,2023
Victor Oladipo,8750000,MIA,2023
Caleb Martin,6479000,MIA,2023
Tyler Herro,5722116,MIA,2023
Kevin Love,3114138,MIA,2023
Nikola Jović,2239920,MIA,2023
Udonis Haslem,1836090,MIA,2023
Gabe Vincent,1815677,MIA,2023
Max Strus,1815677,MIA,2023
Haywood Highsmith,1752638,MIA,2023
Omer Yurtseven,1752638,MIA,2023
Cody Zeller,517060,MIA,2023
Jamaree Bouyea,58493,MIA,2023
Giannis Antetokounmpo,42492492,MIL,2023
Khris Middleton,37948276,MIL,2023
Jrue Holiday,33665040,MIL,2023
Brook Lopez,13906976,MIL,2023
Bobby Portis,10843350,MIL,2023
Jae Crowder,10183800,MIL,2023
Grayson Allen,8500000,MIL,2023
Joe Ingles,6479000,MIL,2023
Pat Connaughton,5728393,MIL,2023
MarJon Beauchamp,2485200,MIL,2023
Jevon Carter,2100000,MIL,2023
Thanasis Antetokounmpo,1878720,MIL,2023
Wesley Matthews,1836090,MIL,2023
Goran Dragić,390433,MIL,2023
Meyers Leonard,284911,MIL,2023
Meyers Leonard,105522,MIL,2023
Meyers Leonard,105522,MIL,2023
Rudy Gobert,38172414,MIN,2023
Karl-Anthony Towns,33833400,MIN,2023
Mike Conley,22680000,MIN,2023
Anthony Edwards,10733400,MIN,2023
Kyle Anderson,8780488,MIN,2023
Taurean Prince,7295000,MIN,2023
Nickeil Alexander-Walker,5009633,MIN,2023
Wendell Moore,2306520,MIN,2023
Jaden McDaniels,2161440,MIN,2023
Jordan McLaughlin,2160000,MIN,2023
Naz Reid,1930681,MIN,2023
Jaylen Nowell,1930681,MIN,2023
Bryn Forbes,1836090,MIN,2023
Austin Rivers,1836090,MIN,2023
Nathan Knight,1836090,MIN,2023
Josh Minott,1017781,MIN,2023
CJ McCollum,33333333,NOP,2023
Brandon Ingram,31650600,NOP,2023
Jonas Valančiūnas,14700000,NOP,2023
Zion Williamson,13534817,NOP,2023
Josh Richardson,12196094,NOP,2023
Larry Nance,9672727,NOP,2023
Jaxson Hayes,6803012,NOP,2023
Dyson Daniels,5508600,NOP,2023
Garrett Temple,5155500,NOP,2023
Kira Lewis,4004280,NOP,2023
Trey Murphy,3206520,NOP,2023
Willy Hernangómez,2443581,NOP,2023
Herbert Jones,1785000,NOP,2023
Naji Marshall,1782621,NOP,2023
Jose Alvarado,1563518,NOP,2023
Jalen Brunson,27733332,NYK,2023
Julius Randle,23760000,NYK,2023
Evan Fournier,18000000,NYK,2023
Mitchell Robinson,17045454,NYK,2023
Derrick Rose,14520730,NYK,2023
Josh Hart,12960000,NYK,2023
RJ Barrett,10900635,NYK,2023
Isaiah Hartenstein,7804879,NYK,2023
Obi Toppin,5348280,NYK,2023
Immanuel Quickley,2316240,NYK,2023
Quentin Grimes,2277000,NYK,2023
Jericho Sims,1639842,NYK,2023
Miles McBride,1563518,NYK,2023
Isaiah Roby,400000,NYK,2023
DaQuan Jeffries,300000,NYK,2023
DaQuan Jeffries,105522,NYK,2023
DaQuan Jeffries,105522,NYK,2023
Trevor Keels,58493,NYK,2023
Shai Gilgeous-Alexander,30913750,OKC,2023
Kemba Walker,27431078,OKC,2023
Luguentz Dort,15277778,OKC,2023
Chet Holmgren,9891240,OKC,2023
Dario Šarić,9240000,OKC,2023
Josh Giddey,6287400,OKC,2023
JaMychal Green,5571403,OKC,2023
David Nwaba,5022000,OKC,2023
Ousmane Dieng,4569840,OKC,2023
Jalen Williams,4341480,OKC,2023
Trey Burke,3423750,OKC,2023
Aleksej Pokusevski,3261480,OKC,2023
Tre Mann,3046200,OKC,2023
Sterling Brown,3000000,OKC,2023
Marquese Chriss,2193920,OKC,2023
Kenrich Williams,2000000,OKC,2023
Jaylin Williams,2000000,OKC,2023
Jeremiah Robinson-Earl,2000000,OKC,2023
Lindy Waters,1927896,OKC,2023
Isaiah Joe,1836090,OKC,2023
Justin Jackson,1836090,OKC,2023
Aaron Wiggins,1563518,OKC,2023
Kyle Singler,999200,OKC,2023
Eugene Omoruyi,555402,OKC,2023
Robert Woodard,300000,OKC,2023
Jonathan Isaac,17400000,ORL,2023
Markelle Fultz,16500000,ORL,2023
Wendell Carter,14150000,ORL,2023
Gary Harris,13000000,ORL,2023
Patrick Beverley,13000000,ORL,2023
Paolo Banchero,11055120,ORL,2023
Terrence Ross,10581484,ORL,2023
Jalen Suggs,6922320,ORL,2023
Franz Wagner,5258280,ORL,2023
Cole Anthony,3613680,ORL,2023
Chuma Okeke,3433320,ORL,2023
R.J. Hampton,2412840,ORL,2023
Bol Bol,2200000,ORL,2023
Caleb Houstan,2000000,ORL,2023
Moritz Wagner,1878720,ORL,2023
Michael Carter-Williams,652829,ORL,2023
Goga Bitadze,612181,ORL,2023
Admiral Schofield,506508,ORL,2023
Tobias Harris,37633050,PHI,2023
Joel Embiid,33616770,PHI,2023
James Harden,33000000,PHI,2023
P.J. Tucker,10490000,PHI,2023
De'Anthony Melton,8250000,PHI,2023
Furkan Korkmaz,5000000,PHI,2023
Danuel House,4105000,PHI,2023
Georges Niang,3465000,PHI,2023
Tyrese Maxey,2726880,PHI,2023
Montrezl Harrell,2463490,PHI,2023
Jaden Springer,2125200,PHI,2023
Shake Milton,1997718,PHI,2023
Jalen McDaniels,1930681,PHI,2023
Paul Reed,1782621,PHI,2023
Dewayne Dedmon,580373,PHI,2023
Trevelin Queen,330000,PHI,2023
Charles Bassey,74742,PHI,2023
Kevin Durant,44119845,PHO,2023
Devin Booker,33833400,PHO,2023
Deandre Ayton,30913750,PHO,2023
Chris Paul,28400000,PHO,2023
Landry Shamet,9500000,PHO,2023
Cameron Payne,6000000,PHO,2023
Torrey Craig,5121951,PHO,2023
Darius Bazley,4264629,PHO,2023
Bismack Biyombo,1836090,PHO,2023
T.J. Warren,1836090,PHO,2023
Josh Okogie,1836090,PHO,2023
Damion Lee,1836090,PHO,2023
Jock Landale,1563518,PHO,2023
Terrence Ross,580373,PHO,2023
Ish Wainright,474851,PHO,2023
Saben Lee,105522,PHO,2023
Saben Lee,105522,PHO,2023
Damian Lillard,42492492,POR,2023
Anfernee Simons,22321429,POR,2023
Jerami Grant,20955000,POR,2023
Jusuf Nurkić,15625000,POR,2023
Shaedon Sharpe,6012960,POR,2023
Cam Reddish,5954454,POR,2023
Matisse Thybulle,4379527,POR,2023
Nassir Little,4171548,POR,2023
Justise Winslow,4097561,POR,2023
Kevin Knox,3000000,POR,2023
Andrew Nicholson,2844430,POR,2023
Keon Johnson,2681040,POR,2023
Ryan Arcidiacono,1836090,POR,2023
Drew Eubanks,1836090,POR,2023
Greg Brown,1563518,POR,2023
Trendon Watford,1563518,POR,2023
Eric Bledsoe,1300000,POR,2023
Jabari Walker,1017781,POR,2023
Marcos Louzada Silva,268032,POR,2023
Shaquille Harrison,105522,POR,2023
Skylar Mays,105522,POR,2023
Jeenathan Williams,52644,POR,2023
Justin Minaya,35096,POR,2023
Skylar Mays,10552,POR,2023
Chance Comanche,5849,POR,2023
De'Aaron Fox,30351780,SAC,2023
Domantas Sabonis,18500000,SAC,2023
Harrison Barnes,18352273,SAC,2023
Kevin Huerter,14508929,SAC,2023
Richaun Holmes,11215260,SAC,2023
Malik Monk,9472219,SAC,2023
Keegan Murray,8008440,SAC,2023
Davion Mitchell,4833600,SAC,2023
Terence Davis,4000000,SAC,2023
Alex Len,3918600,SAC,2023
Trey Lyles,2625000,SAC,2023
Chimezie Metu,1910860,SAC,2023
KZ Okpala,1902133,SAC,2023
Matthew Dellavedova,1836090,SAC,2023
Kessler Edwards,1637966,SAC,2023
PJ Dozier,539450,SAC,2023
Chima Moneke,500000,SAC,2023
Sam Merrill,150000,SAC,2023
PJ Dozier,105522,SAC,2023
PJ Dozier,105522,SAC,2023
Deonte Burton,105522,SAC,2023
DJ Steward,50000,SAC,2023
Doug McDermott,13750000,SAS,2023
Danilo Gallinari,13000000,SAS,2023
Devonte' Graham,11550000,SAS,2023
Zach Collins,7350000,SAS,2023
Khem Birch,6667500,SAS,2023
Romeo Langford,5634257,SAS,2023
Jeremy Sochan,5063520,SAS,2023
Dewayne Dedmon,4700000,SAS,2023
Devin Vassell,4437000,SAS,2023
Joshua Primo,4144320,SAS,2023
Keldon Johnson,3873025,SAS,2023
Malaki Branham,2925600,SAS,2023
Charles Bassey,2600000,SAS,2023
Blake Wesley,2385480,SAS,2023
Joe Wieskamp,2175000,SAS,2023
Isaiah Roby,1930681,SAS,2023
Keita Bates-Diop,1878720,SAS,2023
Gorgui Dieng,1836090,SAS,2023
Tre Jones,1782621,SAS,2023
Stanley Johnson,1245164,SAS,2023
Noah Vonleh,1160955,SAS,2023
Gorgui Dieng,622582,SAS,2023
Sandro Mamukelashvili,357717,SAS,2023
Alize Johnson,192293,SAS,2023
Jordan Hall,175479,SAS,2023
Gorgui Dieng,105522,SAS,2023
Gorgui Dieng,105522,SAS,2023
Pascal Siakam,35448672,TOR,2023
Fred VanVleet,21250000,TOR,2023
Gary Trent,17505000,TOR,2023
OG Anunoby,17357143,TOR,2023
Chris Boucher,12690000,TOR,2023
Jakob Poeltl,9398148,TOR,2023
Thaddeus Young,8000000,TOR,2023
Scottie Barnes,7644600,TOR,2023
Otto Porter,6000000,TOR,2023
Precious Achiuwa,2840160,TOR,2023
Malachi Flynn,2145720,TOR,2023
Svi Mykhailiuk,1878720,TOR,2023
Juancho Hernangómez,1836090,TOR,2023
Dalano Banton,1563518,TOR,2023
Christian Koloko,1500000,TOR,2023
Justin Champagnie,825000,TOR,2023
Joe Wieskamp,545989,TOR,2023
Will Barton,432642,TOR,2023
D.J. Wilson,250000,TOR,2023
Ish Wainright,125000,TOR,2023
Joe Wieskamp,94136,TOR,2023
Joe Wieskamp,94136,TOR,2023
Armoni Brooks,50000,TOR,2023
Saben Lee,10492,TOR,2023
Russell Westbrook,46295265,UTA,2023
Collin Sexton,16500000,UTA,2023
Lauri Markkanen,16475454,UTA,2023
Jordan Clarkson,13340000,UTA,2023
Kelly Olynyk,12804878,UTA,2023
Talen Horton-Tucker,10260000,UTA,2023
Rudy Gay,6184500,UTA,2023
Ochai Agbaji,3918360,UTA,2023
Simone Fontecchio,3205128,UTA,2023
Walker Kessler,2696400,UTA,2023
Leandro Bolmaro,2471160,UTA,2023
Stanley Johnson,2351521,UTA,2023
Damian Jones,2298385,UTA,2023
Udoka Azubuike,2174880,UTA,2023
Juan Toscano-Anderson,1836090,UTA,2023
Saben Lee,1752638,UTA,2023
Jared Butler,1563518,UTA,2023
Kris Dunn,735819,UTA,2023
Luka Šamanić,432795,UTA,2023
Frank Jackson,105522,UTA,2023
Kris Dunn,105522,UTA,2023
Kris Dunn,105522,UTA,2023
Jarrell Brantley,105522,UTA,2023
Luka Šamanić,105522,UTA,2023
Vernon Carey,100000,UTA,2023
Bradley Beal,43279250,WAS,2023
Kristaps Porziņģis,33833400,WAS,2023
Will Barton,14375000,WAS,2023
Kyle Kuzma,13000000,WAS,2023
Monte Morris,9125000,WAS,2023
Delon Wright,7804878,WAS,2023
Kendrick Nunn,5250000,WAS,2023
Deni Avdija,4916160,WAS,2023
Johnny Davis,4810320,WAS,2023
Corey Kispert,3552840,WAS,2023
Daniel Gafford,1930681,WAS,2023
Anthony Gill,1836090,WAS,2023
Taj Gibson,1836090,WAS,2023
Vernon Carey,1782621,WAS,2023
Isaiah Todd,1575000,WAS,2023
Jordan Goodwin,900000,WAS,2023
Xavier Cooks,140384,WAS,2023
Jamaree Bouyea,58493,WAS,2023
Trae Young,40064220,ATL,2024
Clint Capela,20616000,ATL,2024
De'Andre Hunter,20089286,ATL,2024
Bogdan Bogdanović,18700000,ATL,2024
Dejounte Murray,18214000,ATL,2024
Onyeka Okongwu,8109063,ATL,2024
Patty Mills,6802950,ATL,2024
Saddiq Bey,4556983,ATL,2024
Kobe Bufkin,4094280,ATL,2024
AJ Griffin,3712920,ATL,2024
Jalen Johnson,2925360,ATL,2024
Bruno Fernando,2581522,ATL,2024
Wesley Matthews,2019706,ATL,2024
Garrison Mathews,2000000,ATL,2024
Mouhamed Gueye,1119563,ATL,2024
Jarkel Joiner,1119563,ATL,2024
Trent Forrest,533945,ATL,2024
Jrue Holiday,36861707,BOS,2024
Kristaps Porziņģis,36016200,BOS,2024
Jayson Tatum,32600060,BOS,2024
Jaylen Brown,31830357,BOS,2024
Derrick White,18357143,BOS,2024
Al Horford,10000000,BOS,2024
Payton Pritchard,4037277,BOS,2024
Luke Kornet,2413304,BOS,2024
Jaden Springer,2226240,BOS,2024
Oshae Brissett,2165000,BOS,2024
Svi Mykhailiuk,2019706,BOS,2024
Xavier Tillman,1930681,BOS,2024
Sam Hauser,1927896,BOS,2024
Jordan Walsh,1119563,BOS,2024
Demetrius Jackson,92857,BOS,2024
Neemias Queta,81253,BOS,2024
Ben Simmons,37893408,BRK,2024
Cameron Johnson,25679348,BRK,2024
Mikal Bridges,21700000,BRK,2024
Dorian Finney-Smith,13932008,BRK,2024
Dennis Schröder,12405000,BRK,2024
Nic Claxton,9625000,BRK,2024
Thaddeus Young,8000000,BRK,2024
Noah Clowney,3089520,BRK,2024
Dariq Miller-Whitehead,2966040,BRK,2024
Keita Bates-Diop,2346614,BRK,2024
Cam Thomas,2240160,BRK,2024
Day'Ron Sharpe,2210040,BRK,2024
Dennis Smith,2019706,BRK,2024
Harry Giles,2019706,BRK,2024
Trendon Watford,2019706,BRK,2024
Lonnie Walker,2019706,BRK,2024
Jordan Goodwin,1927896,BRK,2024
Jalen Wilson,850000,BRK,2024
Kyle Lowry,29682540,CHO,2024
Dāvis Bertāns,17000000,CHO,2024
Grant Williams,12405000,CHO,2024
LaMelo Ball,10900635,CHO,2024
Brandon Miller,10880400,CHO,2024
Miles Bridges,7921300,CHO,2024
Vasilije Micić,7723000,CHO,2024
Cody Martin,7560000,CHO,2024
Nick Richards,5000000,CHO,2024
James Bouknight,4570080,CHO,2024
Seth Curry,4000000,CHO,2024
Mark Williams,3908160,CHO,2024
Tre Mann,3191400,CHO,2024
Kai Jones,3047880,CHO,2024
Nick Smith,2463960,CHO,2024
Frank Ntilikina,2019706,CHO,2024
Ish Smith,2019706,CHO,2024
JT Thor,1836096,CHO,2024
Bryce McGowens,1719864,CHO,2024
Aleksej Pokusevski,565176,CHO,2024
Marques Bolden,116075,CHO,2024
Zach LaVine,40064220,CHI,2024
DeMar DeRozan,28600000,CHI,2024
Lonzo Ball,20465117,CHI,2024
Nikola Vučević,18518519,CHI,2024
Coby White,11111111,CHI,2024
Patrick Williams,9835881,CHI,2024
Alex Caruso,9460000,CHI,2024
Ayo Dosunmu,6481482,CHI,2024
Jevon Carter,6190476,CHI,2024
Derrick Jones,3360000,CHI,2024
Andre Drummond,3360000,CHI,2024
Dalen Terry,3350760,CHI,2024
Torrey Craig,2528233,CHI,2024
Terry Taylor,2019706,CHI,2024
Julian Phillips,1600000,CHI,2024
Onuralp Bitim,500000,CHI,2024
Javonte Green,127683,CHI,2024
Javonte Green,116075,CHI,2024
Darius Garland,34005250,CLE,2024
Donovan Mitchell,33162030,CLE,2024
Jarrett Allen,20000000,CLE,2024
Caris LeVert,15384616,CLE,2024
Max Strus,14487684,CLE,2024
Isaac Okoro,8920795,CLE,2024
Evan Mobley,8882640,CLE,2024
Georges Niang,8800000,CLE,2024
Dean Wade,5709877,CLE,2024
Ricky Rubio,3695311,CLE,2024
Damian Jones,2586665,CLE,2024
Ty Jerome,2439025,CLE,2024
Tristan Thompson,2019706,CLE,2024
Sam Merrill,1997238,CLE,2024
Craig Porter,1500000,CLE,2024
Marcus Morris,197328,CLE,2024
Zhaire Smith,139290,CLE,2024
Marcus Morris,116075,CLE,2024
Sharife Cooper,103550,CLE,2024
Pete Nance,64343,CLE,2024
Luka Dončić,40064220,DAL,2024
Kyrie Irving,37037037,DAL,2024
Tim Hardaway,17897728,DAL,2024
P.J. Washington,16847826,DAL,2024
Daniel Gafford,12402000,DAL,2024
Maxi Kleber,11000000,DAL,2024
Dereck Lively,4775640,DAL,2024
Josh Green,4765339,DAL,2024
Dwight Powell,4000000,DAL,2024
Dante Exum,3000000,DAL,2024
Olivier-Maxence Prosper,2733720,DAL,2024
JaVale McGee,2348324,DAL,2024
Derrick Jones,2019706,DAL,2024
Markieff Morris,2019706,DAL,2024
Jaden Hardy,1719864,DAL,2024
A.J. Lawson,1000000,DAL,2024
Nikola Jokić,47607350,DEN,2024
Jamal Murray,33833400,DEN,2024
Michael Porter,33386850,DEN,2024
Aaron Gordon,22266182,DEN,2024
Kentavious Caldwell-Pope,14704938,DEN,2024
Reggie Jackson,5000000,DEN,2024
Zeke Nnaji,4306281,DEN,2024
Christian Braun,2949120,DEN,2024
Julian Strawther,2431080,DEN,2024
Peyton Watson,2303520,DEN,2024
Vlatko Čančar,2234359,DEN,2024
DeAndre Jordan,2019706,DEN,2024
Justin Holiday,2019706,DEN,2024
Jalen Pickett,1708143,DEN,2024
Hunter Tyson,1119563,DEN,2024
Joe Harris,19928571,DET,2024
Evan Fournier,18857143,DET,2024
James Wiseman,12119440,DET,2024
Cade Cunningham,11055360,DET,2024
Ausar Thompson,7977480,DET,2024
Jaden Ivey,7614480,DET,2024
Killian Hayes,7413955,DET,2024
Danilo Gallinari,6802950,DET,2024
Isaiah Stewart,5266713,DET,2024
Shake Milton,5000000,DET,2024
Jalen Duren,4330680,DET,2024
Danuel House,4310250,DET,2024
Troy Brown,4000000,DET,2024
Malachi Flynn,3873025,DET,2024
Mike Muscala,3500000,DET,2024
Simone Fontecchio,3044872,DET,2024
Dewayne Dedmon,2748674,DET,2024
Marcus Sasser,2624040,DET,2024
Quentin Grimes,2385720,DET,2024
Ryan Arcidiacono,2019706,DET,2024
Stanley Umude,538460,DET,2024
Taj Gibson,348225,DET,2024
Chimezie Metu,215781,DET,2024
Jaylen Nowell,116075,DET,2024
Chimezie Metu,116075,DET,2024
Taj Gibson,116075,DET,2024
Tosan Evbuomwan,70777,DET,2024
Jaylen Nowell,24885,DET,2024
Stephen Curry,51915615,GSW,2024
Klay Thompson,43219440,GSW,2024
Chris Paul,30800000,GSW,2024
Andrew Wiggins,24330357,GSW,2024
Draymond Green,22321429,GSW,2024
Gary Payton,8715000,GSW,2024
Kevon Looney,7500000,GSW,2024
Jonathan Kuminga,6012840,GSW,2024
Moses Moody,3918480,GSW,2024
Brandin Podziemski,3352440,GSW,2024
Dario Šarić,2019706,GSW,2024
Trayce Jackson-Davis,1119563,GSW,2024
Gui Santos,1029483,GSW,2024
Lester Quinones,548815,GSW,2024
Usman Garuba,11608,GSW,2024
Fred VanVleet,40806300,HOU,2024
Dillon Brooks,22627671,HOU,2024
Steven Adams,12600000,HOU,2024
Jalen Green,9891480,HOU,2024
Jeff Green,9600000,HOU,2024
Jabari Smith,9326520,HOU,2024
Amen Thompson,8809320,HOU,2024
Jock Landale,8000000,HOU,2024
John Wall,6802950,HOU,2024
Jae'Sean Tate,6500000,HOU,2024
Alperen Sengun,3536280,HOU,2024
Tari Eason,3527160,HOU,2024
Cam Whitmore,3218160,HOU,2024
Aaron Holiday,2019706,HOU,2024
Boban Marjanović,2019706,HOU,2024
Reggie Bullock,2019706,HOU,2024
Jeremiah Robinson-Earl,1900000,HOU,2024
Pascal Siakam,37893408,IND,2024
Myles Turner,20975000,IND,2024
Doug McDermott,13750000,IND,2024
T.J. McConnell,8700000,IND,2024
Daniel Theis,6928876,IND,2024
Bennedict Mathurin,6916080,IND,2024
Obi Toppin,6803012,IND,2024
Jarace Walker,6059520,IND,2024
Tyrese Haliburton,5808435,IND,2024
Aaron Nesmith,5634257,IND,2024
Furkan Korkmaz,5370370,IND,2024
Jalen Smith,5043773,IND,2024
Isaiah Jackson,2696280,IND,2024
Ben Sheppard,2537160,IND,2024
James Johnson,2241188,IND,2024
Andrew Nembhard,2131905,IND,2024
Cory Joseph,2019706,IND,2024
Kendall Brown,1100000,IND,2024
James Johnson,777703,IND,2024
Nik Stauskas,702311,IND,2024
Juwan Morgan,576230,IND,2024
Malik Fitts,555217,IND,2024
James Johnson,183704,IND,2024
James Johnson,183704,IND,2024
Kawhi Leonard,45640084,LAC,2024
Paul George,45640084,LAC,2024
James Harden,35680595,LAC,2024
Norman Powell,18000000,LAC,2024
P.J. Tucker,11014500,LAC,2024
Ivica Zubac,10933333,LAC,2024
Terance Mann,10576923,LAC,2024
Mason Plumlee,5000000,LAC,2024
Russell Westbrook,3835738,LAC,2024
Amir Coffey,3666667,LAC,2024
Kobe Brown,2413320,LAC,2024
Bones Hyland,2306400,LAC,2024
Brandon Boston,1836096,LAC,2024
Joshua Primo,1764341,LAC,2024
Daniel Theis,1741126,LAC,2024
Kai Jones,11608,LAC,2024
LeBron James,47607350,LAL,2024
Anthony Davis,40600080,LAL,2024
D'Angelo Russell,17307693,LAL,2024
Rui Hachimura,15740741,LAL,2024
Austin Reaves,12015150,LAL,2024
Gabe Vincent,10500000,LAL,2024
Jarred Vanderbilt,4698000,LAL,2024
Taurean Prince,4516000,LAL,2024
Jalen Hood-Schifino,3695040,LAL,2024
Christian Wood,2709849,LAL,2024
Jaxson Hayes,2165000,LAL,2024
Cam Reddish,2165000,LAL,2024
Max Christie,1719864,LAL,2024
Spencer Dinwiddie,1554654,LAL,2024
Maxwell Lewis,1119563,LAL,2024
Ja Morant,34005250,MEM,2024
Jaren Jackson,27102202,MEM,2024
Marcus Smart,18833713,MEM,2024
Luke Kennard,14763636,MEM,2024
Brandon Clarke,12500000,MEM,2024
Victor Oladipo,9450000,MEM,2024
Bismack Biyombo,5000000,MEM,2024
Ziaire Williams,4810200,MEM,2024
Desmond Bane,3845083,MEM,2024
Jake LaRavia,3199920,MEM,2024
Derrick Rose,3196448,MEM,2024
Josh Christopher,2485200,MEM,2024
John Konchar,2400000,MEM,2024
Yuta Watanabe,2346614,MEM,2024
Vince Williams,2232308,MEM,2024
Santi Aldama,2194200,MEM,2024
Chimezie Metu,2019706,MEM,2024
Lamar Stevens,2019706,MEM,2024
Gregory Jackson,1991428,MEM,2024
Isaiah Todd,1836096,MEM,2024
Kennedy Chandler,1719864,MEM,2024
Kenneth Lofton,1719864,MEM,2024
Wenyen Gabriel,116075,MEM,2024
Shaquille Harrison,116075,MEM,2024
Jordan Goodwin,116075,MEM,2024
Jaylen Nowell,116075,MEM,2024
Jaylen Nowell,116075,MEM,2024
Zavier Simpson,103550,MEM,2024
DeJon Jarreau,103550,MEM,2024
DeJon Jarreau,103550,MEM,2024
Mãozinha Pereira,64343,MEM,2024
Matthew Hurt,64343,MEM,2024
Trey Jemison,64343,MEM,2024
Tosan Evbuomwan,64343,MEM,2024
Matthew Hurt,64343,MEM,2024
Mãozinha Pereira,64343,MEM,2024
Zavier Simpson,62130,MEM,2024
Jack White,62130,MEM,2024
Timmy Allen,57908,MEM,2024
Jimmy Butler,45183960,MIA,2024
Bam Adebayo,32600060,MIA,2024
Tyler Herro,27000000,MIA,2024
Terry Rozier,23205221,MIA,2024
Duncan Robinson,18154000,MIA,2024
Caleb Martin,6802950,MIA,2024
Kevin Love,3835738,MIA,2024
Jaime Jaquez,3510600,MIA,2024
Josh Richardson,2891467,MIA,2024
Thomas Bryant,2528233,MIA,2024
Nikola Jović,2352000,MIA,2024
Haywood Highsmith,1902137,MIA,2024
Dru Smith,1801769,MIA,2024
Orlando Robinson,1801769,MIA,2024
Delon Wright,661628,MIA,2024
Patty Mills,464300,MIA,2024
Giannis Antetokounmpo,45640084,MIL,2024
Damian Lillard,45640084,MIL,2024
Khris Middleton,29320988,MIL,2024
Brook Lopez,25000000,MIL,2024
Bobby Portis,11710818,MIL,2024
Pat Connaughton,9423869,MIL,2024
MarJon Beauchamp,2609400,MIL,2024
Malik Beasley,2019706,MIL,2024
Thanasis Antetokounmpo,2019706,MIL,2024
Jae Crowder,2019706,MIL,2024
Patrick Beverley,2019706,MIL,2024
A.J. Green,1901769,MIL,2024
Chris Livingston,1119563,MIL,2024
Andre Jackson,1119563,MIL,2024
Danilo Gallinari,661628,MIL,2024
Rudy Gobert,41000000,MIN,2024
Karl-Anthony Towns,36016200,MIN,2024
Mike Conley,24360000,MIN,2024
Anthony Edwards,13534817,MIN,2024
Naz Reid,12950400,MIN,2024
Monte Morris,9800926,MIN,2024
Kyle Anderson,9219512,MIN,2024
Nickeil Alexander-Walker,4687500,MIN,2024
Jaden McDaniels,3901399,MIN,2024
Wendell Moore,2421720,MIN,2024
Jordan McLaughlin,2320000,MIN,2024
Leonard Miller,1800000,MIN,2024
Josh Minott,1719864,MIN,2024
T.J. Warren,220543,MIN,2024
Luka Garza,127683,MIN,2024
Justin Jackson,116075,MIN,2024
T.J. Warren,116075,MIN,2024
T.J. Warren,116075,MIN,2024
CJ McCollum,35802469,NOP,2024
Zion Williamson,34005250,NOP,2024
Brandon Ingram,33833400,NOP,2024
Jonas Valančiūnas,15435000,NOP,2024
Herbert Jones,12015150,NOP,2024
Larry Nance,10375000,NOP,2024
Dyson Daniels,5784120,NOP,2024
Jordan Hawkins,4310160,NOP,2024
Trey Murphy,3359280,NOP,2024
Cody Zeller,2019706,NOP,2024
Naji Marshall,1930681,NOP,2024
Jose Alvarado,1836096,NOP,2024
E.J. Liddell,1801769,NOP,2024
Matt Ryan,1500000,NOP,2024
Jeremiah Robinson-Earl,684843,NOP,2024
Malcolm Hill,116075,NOP,2024
Jalen Crutcher,64343,NOP,2024
Izaiah Brockington,64343,NOP,2024
Julius Randle,28226880,NYK,2024
Jalen Brunson,26346666,NYK,2024
Bojan Bogdanović,20000000,NYK,2024
OG Anunoby,18642857,NYK,2024
Mitchell Robinson,15681818,NYK,2024
Josh Hart,12960000,NYK,2024
Donte DiVincenzo,10900000,NYK,2024
Alec Burks,10489600,NYK,2024
Isaiah Hartenstein,9245121,NYK,2024
Precious Achiuwa,4379527,NYK,2024
Dylan Windler,2019706,NYK,2024
Jericho Sims,1927896,NYK,2024
Miles McBride,1836096,NYK,2024
DaQuan Jeffries,831385,NYK,2024
Taj Gibson,477630,NYK,2024
Shake Milton,475908,NYK,2024
DaQuan Jeffries,261293,NYK,2024
Mamadi Diakite,252525,NYK,2024
Taj Gibson,183704,NYK,2024
Taj Gibson,183704,NYK,2024
DaQuan Jeffries,116075,NYK,2024
Mamadi Diakite,116075,NYK,2024
DaQuan Jeffries,116075,NYK,2024
Jacob Toppin,64343,NYK,2024
Shai Gilgeous-Alexander,33386850,OKC,2024
Gordon Hayward,33319397,OKC,2024
Kevin Porter,15860000,OKC,2024
Luguentz Dort,15277778,OKC,2024
Chet Holmgren,10386000,OKC,2024
Josh Giddey,6587040,OKC,2024
Rudy Gay,6479000,OKC,2024
Kenrich Williams,6175000,OKC,2024
Cason Wallace,5291400,OKC,2024
Aleksej Pokusevski,5009633,OKC,2024
Ousmane Dieng,4798440,OKC,2024
Jalen Williams,4558680,OKC,2024
Usman Garuba,2588400,OKC,2024
TyTy Washington,2320440,OKC,2024
Jaylin Williams,2000000,OKC,2024
Isaiah Joe,1997238,OKC,2024
Aaron Wiggins,1836096,OKC,2024
Lindy Waters,766095,OKC,2024
Bismack Biyombo,754488,OKC,2024
Jack White,600000,OKC,2024
Mike Muscala,510730,OKC,2024
Jonathan Isaac,17400000,ORL,2024
Markelle Fultz,17000000,ORL,2024
Wendell Carter,13050000,ORL,2024
Gary Harris,13000000,ORL,2024
Paolo Banchero,11608080,ORL,2024
Joe Ingles,11000000,ORL,2024
Moritz Wagner,8000000,ORL,2024
Jalen Suggs,7252080,ORL,2024
Anthony Black,7245480,ORL,2024
Cole Anthony,5539771,ORL,2024
Franz Wagner,5508720,ORL,2024
Chuma Okeke,5266713,ORL,2024
Jett Howard,5026800,ORL,2024
Goga Bitadze,2066585,ORL,2024
Caleb Houstan,2000000,ORL,2024
Joel Embiid,47607350,PHI,2024
Tobias Harris,39270150,PHI,2024
Buddy Hield,19845098,PHI,2024
Nicolas Batum,11710818,PHI,2024
Robert Covington,11692308,PHI,2024
De'Anthony Melton,8000000,PHI,2024
Paul Reed,7723000,PHI,2024
Tyrese Maxey,4343920,PHI,2024
Kyle Lowry,2795839,PHI,2024
Jeff Dowtin,2196970,PHI,2024
Mohamed Bamba,2019706,PHI,2024
Montrezl Harrell,2019706,PHI,2024
Cameron Payne,2019706,PHI,2024
Kelly Oubre,2019706,PHI,2024
KJ Martin,1930681,PHI,2024
Ricky Council,864353,PHI,2024
Danny Green,200000,PHI,2024
Jeff Dowtin,127683,PHI,2024
Darius Bazley,116075,PHI,2024
Kai Jones,116075,PHI,2024
D.J. Wilson,116075,PHI,2024
Kevin Durant,47649433,PHO,2024
Bradley Beal,46741590,PHO,2024
Devin Booker,36016200,PHO,2024
Jusuf Nurkić,16875000,PHO,2024
Royce O'Neale,9500000,PHO,2024
Grayson Allen,8925000,PHO,2024
Nassir Little,6250000,PHO,2024
Eric Gordon,3196448,PHO,2024
Josh Okogie,2815937,PHO,2024
Keon Johnson,2808720,PHO,2024
David Roddy,2718240,PHO,2024
Damion Lee,2528233,PHO,2024
Drew Eubanks,2346614,PHO,2024
Bol Bol,2019706,PHO,2024
Thaddeus Young,638413,PHO,2024
Isaiah Thomas,116075,PHO,2024
Isaiah Thomas,116075,PHO,2024
Isaiah Thomas,69645,PHO,2024
Deandre Ayton,32459438,POR,2024
Jerami Grant,27586207,POR,2024
Anfernee Simons,24107143,POR,2024
Malcolm Brogdon,22500000,POR,2024
Robert Williams,11571429,POR,2024
Matisse Thybulle,10500000,POR,2024
Scoot Henderson,9770880,POR,2024
Shaedon Sharpe,6313800,POR,2024
Kris Murray,2847480,POR,2024
Andrew Nicholson,2844430,POR,2024
Dalano Banton,2019706,POR,2024
Moses Brown,2019706,POR,2024
Duop Reath,1951220,POR,2024
Ish Wainright,1927896,POR,2024
Skylar Mays,1799163,POR,2024
Jabari Walker,1719864,POR,2024
Eric Bledsoe,1300000,POR,2024
Rayan Rupert,1119563,POR,2024
Toumani Camara,1119563,POR,2024
Marcos Louzada Silva,268032,POR,2024
Ashton Hagans,103550,POR,2024
Taze Moore,64343,POR,2024
Taze Moore,6434,POR,2024
De'Aaron Fox,32600060,SAC,2024
Domantas Sabonis,30600000,SAC,2024
Harrison Barnes,17000000,SAC,2024
Kevin Huerter,15669643,SAC,2024
Malik Monk,9945830,SAC,2024
Keegan Murray,8409000,SAC,2024
Trey Lyles,8000000,SAC,2024
Aleksandar Vezenkov,6341464,SAC,2024
Davion Mitchell,5063640,SAC,2024
Chris Duarte,4124400,SAC,2024
Robin Lopez,2019706,SAC,2024
JaVale McGee,2019706,SAC,2024
Alex Len,2019706,SAC,2024
Colby Jones,2019706,SAC,2024
Kessler Edwards,1927896,SAC,2024
Keon Ellis,683430,SAC,2024
Filip Petrušev,559782,SAC,2024
Juan Toscano-Anderson,323506,SAC,2024
Nerlens Noel,300000,SAC,2024
Neemias Queta,250000,SAC,2024
Juan Toscano-Anderson,116075,SAC,2024
Keldon Johnson,20000000,SAS,2024
Marcus Morris,17116279,SAS,2024
Victor Wembanyama,12160680,SAS,2024
Devonte' Graham,12100000,SAS,2024
Reggie Bullock,11014080,SAS,2024
Tre Jones,9895833,SAS,2024
Zach Collins,7700000,SAS,2024
Khem Birch,6985000,SAS,2024
Cedi Osman,6718842,SAS,2024
Cameron Payne,6500000,SAS,2024
Devin Vassell,5887899,SAS,2024
Jeremy Sochan,5316960,SAS,2024
Joshua Primo,4341600,SAS,2024
Malaki Branham,3071880,SAS,2024
Julian Champagnie,3000000,SAS,2024
Charles Bassey,2600000,SAS,2024
Blake Wesley,2504640,SAS,2024
Sandro Mamukelashvili,2019706,SAS,2024
Sidy Cissoko,1119563,SAS,2024
Dominick Barlow,455620,SAS,2024
Lamar Stevens,400000,SAS,2024
RJ Barrett,23883929,TOR,2024
Bruce Brown,22000000,TOR,2024
Spencer Dinwiddie,20357143,TOR,2024
Jakob Poeltl,19500000,TOR,2024
Gary Trent,18560000,TOR,2024
Kelly Olynyk,12195122,TOR,2024
Chris Boucher,11750000,TOR,2024
Scottie Barnes,8008680,TOR,2024
Gradey Dick,4536720,TOR,2024
Jalen McDaniels,4516000,TOR,2024
Immanuel Quickley,4171548,TOR,2024
Ochai Agbaji,4114200,TOR,2024
Jordan Nwora,3000000,TOR,2024
Garrett Temple,2019706,TOR,2024
Christian Koloko,1719864,TOR,2024
Javon Freeman-Liberty,289542,TOR,2024
Kobi Simmons,116075,TOR,2024
Jahmi'us Ramsey,116075,TOR,2024
Justise Winslow,116075,TOR,2024
Jahmi'us Ramsey,116075,TOR,2024
Malik Williams,64343,TOR,2024
Mouhamadou Gueye,64343,TOR,2024
D.J. Carton,64343,TOR,2024
Malik Williams,12869,TOR,2024
John Collins,25340000,UTA,2024
Jordan Clarkson,23487629,UTA,2024
Collin Sexton,17325000,UTA,2024
Lauri Markkanen,17259999,UTA,2024
Talen Horton-Tucker,11020000,UTA,2024
Otto Porter,6300000,UTA,2024
Kira Lewis,5722116,UTA,2024
Taylor Hendricks,5569920,UTA,2024
Keyonte George,3889800,UTA,2024
Walker Kessler,2831160,UTA,2024
Omer Yurtseven,2800000,UTA,2024
Kris Dunn,2586665,UTA,2024
Brice Sensabaugh,2448600,UTA,2024
Luka Šamanić,2066585,UTA,2024
Kevin Knox,1845593,UTA,2024
Kenneth Lofton,500000,UTA,2024
Darius Bazley,500000,UTA,2024
Taevion Kinsey,64343,UTA,2024
Jordan Poole,27455357,WAS,2024
Kyle Kuzma,25568182,WAS,2024
Tyus Jones,14000000,WAS,2024
Marvin Bagley,12500000,WAS,2024
Richaun Holmes,12046020,WAS,2024
Landry Shamet,10250000,WAS,2024
Delon Wright,8195122,WAS,2024
Bilal Coulibaly,6614280,WAS,2024
Deni Avdija,6263188,WAS,2024
Johnny Davis,5050800,WAS,2024
Corey Kispert,3722040,WAS,2024
Tristan Vukcevic,2424892,WAS,2024
Patrick Baldwin,2337720,WAS,2024
Taj Gibson,2019706,WAS,2024
Anthony Gill,1997238,WAS,2024
Isaiah Livers,1836096,WAS,2024
Xavier Cooks,1719864,WAS,2024
Ryan Rollins,1719864,WAS,2024
Jared Butler,1250000,WAS,2024
Eugene Omoruyi,900000,WAS,2024
Hamidou Diallo,116075,WAS,2024
Justin Champagnie,116075,WAS,2024
R.J. Hampton,116075,WAS,2024
Trey Jemison,64343,WAS,2024
Trae Young,43031940,ATL,2025
Clint Capela,22265280,ATL,2025
Caris LeVert,16615384,ATL,2025
Onyeka Okongwu,14000000,ATL,2025
Zaccharie Risacher,12569040,ATL,2025
Terance Mann,11423077,ATL,2025
Larry Nance,11205000,ATL,2025
Georges Niang,8500000,ATL,2025
Dyson Daniels,6059520,ATL,2025
Jalen Johnson,4510905,ATL,2025
Kobe Bufkin,4299000,ATL,2025
Bones Hyland,4158439,ATL,2025
David Roddy,2847240,ATL,2025
Garrison Mathews,2230253,ATL,2025
Vit Krejci,2162606,ATL,2025
Mouhamed Gueye,1891857,ATL,2025
Dominick Barlow,491887,ATL,2025
Kevon Harris,119972,ATL,2025
Jaylen Brown,49205800,BOS,2025
Jayson Tatum,34848340,BOS,2025
Jrue Holiday,30000000,BOS,2025
Kristaps Porziņģis,29268293,BOS,2025
Derrick White,20071429,BOS,2025
Al Horford,9500000,BOS,2025
Payton Pritchard,6696429,BOS,2025
Baylor Scheierman,2494320,BOS,2025
Xavier Tillman,2237691,BOS,2025
Neemias Queta,2162606,BOS,2025
Sam Hauser,2092344,BOS,2025
Luke Kornet,2087519,BOS,2025
Jordan Walsh,1891857,BOS,2025
Torrey Craig,779820,BOS,2025
JD Davison,11997,BOS,2025
Ben Simmons,39256083,BRK,2025
Nic Claxton,27556817,BRK,2025
Cameron Johnson,22500000,BRK,2025
Bojan Bogdanović,19032850,BRK,2025
D'Angelo Russell,18692307,BRK,2025
De'Anthony Melton,12822000,BRK,2025
Ziaire Williams,6133005,BRK,2025
Cam Thomas,4041249,BRK,2025
Day'Ron Sharpe,3989122,BRK,2025
Noah Clowney,3244080,BRK,2025
Dariq Miller-Whitehead,3114240,BRK,2025
Trendon Watford,2726603,BRK,2025
Keon Johnson,2162606,BRK,2025
Maxwell Lewis,1891857,BRK,2025
Jalen Wilson,1891857,BRK,2025
Tyrese Martin,635853,BRK,2025
Killian Hayes,119972,BRK,2025
Drew Timme,113055,BRK,2025
LaMelo Ball,35147000,CHO,2025
Miles Bridges,27173913,CHO,2025
Jusuf Nurkić,18125000,CHO,2025
Grant Williams,13025250,CHO,2025
Josh Green,12654321,CHO,2025
Brandon Miller,11424600,CHO,2025
Josh Okogie,8250000,CHO,2025
Tidjane Salaün,7488720,CHO,2025
Dāvis Bertāns,5250000,CHO,2025
Tre Mann,4908373,CHO,2025
Mark Williams,4094280,CHO,2025
Devonte' Graham,2850000,CHO,2025
Nick Smith,2587200,CHO,2025
DaQuan Jeffries,2425404,CHO,2025
Charlie Brown,2237692,CHO,2025
Duane Washington,2162607,CHO,2025
Seth Curry,2087519,CHO,2025
Taj Gibson,2087519,CHO,2025
Reggie Jackson,1946229,CHO,2025
Moussa Diabaté,957763,CHO,2025
Elfrid Payton,119972,CHO,2025
Elfrid Payton,119972,CHO,2025
Malachi Flynn,119972,CHO,2025
Marcus Garrett,107027,CHO,2025
Jaylen Sims,66503,CHO,2025
Jaylen Sims,6650,CHO,2025
Lonzo Ball,21395348,CHI,2025
Nikola Vučević,20000000,CHI,2025
Patrick Williams,18000000,CHI,2025
Kevin Huerter,16830357,CHI,2025
Zach Collins,16741200,CHI,2025
Coby White,12000000,CHI,2025
Tre Jones,9104167,CHI,2025
Jalen Smith,8571429,CHI,2025
Josh Giddey,8352367,CHI,2025
Ayo Dosunmu,7000000,CHI,2025
Jevon Carter,6500000,CHI,2025
Chris Duarte,5893768,CHI,2025
Matas Buzelis,5195520,CHI,2025
Dalen Terry,3510480,CHI,2025
Torrey Craig,2845342,CHI,2025
Talen Horton-Tucker,2087519,CHI,2025
Julian Phillips,1891857,CHI,2025
Darius Garland,36725670,CLE,2025
Donovan Mitchell,35410310,CLE,2025
De'Andre Hunter,21696429,CLE,2025
Jarrett Allen,20000000,CLE,2025
Max Strus,15212068,CLE,2025
Evan Mobley,11227657,CLE,2025
Isaac Okoro,10185186,CLE,2025
Dean Wade,6166667,CLE,2025
Jaylon Tyson,3326160,CLE,2025
Ty Jerome,2560975,CLE,2025
Sam Merrill,2164993,CLE,2025
Tristan Thompson,2087519,CLE,2025
Craig Porter,1891857,CLE,2025
Javonte Green,599862,CLE,2025
Ricky Rubio,424672,CLE,2025
Chuma Okeke,115743,CLE,2025
Nae'Qwan Tomlin,66503,CLE,2025
Anthony Davis,43219440,DAL,2025
Kyrie Irving,41000000,DAL,2025
Klay Thompson,15873016,DAL,2025
P.J. Washington,15500000,DAL,2025
Daniel Gafford,13394160,DAL,2025
Caleb Martin,9186594,DAL,2025
Naji Marshall,8571429,DAL,2025
Max Christie,7142857,DAL,2025
Dereck Lively,5014560,DAL,2025
Dwight Powell,4000000,DAL,2025
Dante Exum,3150000,DAL,2025
Olivier-Maxence Prosper,2870400,DAL,2025
JaVale McGee,2208856,DAL,2025
Spencer Dinwiddie,2087519,DAL,2025
Jaden Hardy,2019699,DAL,2025
Moses Brown,119972,DAL,2025
Brandon Williams,47989,DAL,2025
Nikola Jokić,51415938,DEN,2025
Jamal Murray,36016200,DEN,2025
Michael Porter,35859950,DEN,2025
Aaron Gordon,22841455,DEN,2025
Zeke Nnaji,8888889,DEN,2025
Dario Šarić,5168000,DEN,2025
Russell Westbrook,3303771,DEN,2025
Christian Braun,3089640,DEN,2025
DaRon Holmes,3065640,DEN,2025
Julian Strawther,2552520,DEN,2025
Peyton Watson,2413560,DEN,2025
Vlatko Čančar,2087519,DEN,2025
DeAndre Jordan,2087519,DEN,2025
Hunter Tyson,1891857,DEN,2025
Jalen Pickett,1891857,DEN,2025
Tobias Harris,25365854,DET,2025
Tim Hardaway,16193183,DET,2025
Isaiah Stewart,15000000,DET,2025
Cade Cunningham,13940809,DET,2025
Dennis Schröder,13025250,DET,2025
Ausar Thompson,8376000,DET,2025
Ron Holland,8245320,DET,2025
Jaden Ivey,7977240,DET,2025
Simone Fontecchio,7692308,DET,2025
Malik Beasley,6000000,DET,2025
Jalen Duren,4536840,DET,2025
Marcus Sasser,2755080,DET,2025
Dewayne Dedmon,2748674,DET,2025
Wendell Moore,2537040,DET,2025
Paul Reed,2485563,DET,2025
Lindy Waters,2196970,DET,2025
Paul Reed,1427671,DET,2025
Bobi Klintman,1257153,DET,2025
Javante McCoy,47265,DET,2025
Stephen Curry,55761216,GSW,2025
Jimmy Butler,48798677,GSW,2025
Draymond Green,24107143,GSW,2025
Gary Payton,9130000,GSW,2025
Buddy Hield,8780488,GSW,2025
Kevon Looney,8000000,GSW,2025
Jonathan Kuminga,7636307,GSW,2025
Moses Moody,5803269,GSW,2025
Brandin Podziemski,3519960,GSW,2025
Gui Santos,1891857,GSW,2025
Trayce Jackson-Davis,1891857,GSW,2025
Quinten Post,438920,GSW,2025
Pat Spencer,438810,GSW,2025
Kevin Knox,263939,GSW,2025
Kevin Knox,119972,GSW,2025
Kevin Knox,119972,GSW,2025
Yuri Collins,66503,GSW,2025
Braxton Key,11997,GSW,2025
Fred VanVleet,42846615,HOU,2025
Dillon Brooks,22255493,HOU,2025
Steven Adams,12600000,HOU,2025
Jalen Green,12483048,HOU,2025
Reed Sheppard,10098960,HOU,2025
Jabari Smith,9770880,HOU,2025
Amen Thompson,9249960,HOU,2025
Jeff Green,8000000,HOU,2025
Jock Landale,8000000,HOU,2025
Jae'Sean Tate,7565217,HOU,2025
Alperen Şengün,5424654,HOU,2025
Aaron Holiday,4668000,HOU,2025
Jaden Springer,4018363,HOU,2025
Tari Eason,3695160,HOU,2025
Cody Zeller,3500000,HOU,2025
Cam Whitmore,3379080,HOU,2025
Jeenathan Williams,515881,HOU,2025
AJ Griffin,250000,HOU,2025
Pascal Siakam,42176400,IND,2025
Tyrese Haliburton,42176400,IND,2025
Myles Turner,19928500,IND,2025
Obi Toppin,12975000,IND,2025
Aaron Nesmith,11000000,IND,2025
T.J. McConnell,9300000,IND,2025
Bennedict Mathurin,7245720,IND,2025
Jarace Walker,6362520,IND,2025
Isaiah Jackson,4435381,IND,2025
Ben Sheppard,2663880,IND,2025
Thomas Bryant,2087519,IND,2025
James Johnson,2087519,IND,2025
Andrew Nembhard,2019699,IND,2025
Johnny Furphy,1850842,IND,2025
Nik Stauskas,702310,IND,2025
Juwan Morgan,576229,IND,2025
Malik Fitts,555216,IND,2025
Tony Bradley,330394,IND,2025
Moses Brown,306660,IND,2025
Tony Bradley,150179,IND,2025
Jahlil Okafor,119972,IND,2025
Tony Bradley,119972,IND,2025
Kawhi Leonard,49205800,LAC,2025
James Harden,33653846,LAC,2025
Norman Powell,19241379,LAC,2025
Bogdan Bogdanović,17260000,LAC,2025
Ivica Zubac,11743210,LAC,2025
Derrick Jones,9523810,LAC,2025
Kris Dunn,5168000,LAC,2025
Drew Eubanks,5000000,LAC,2025
Nicolas Batum,4668000,LAC,2025
Amir Coffey,3938271,LAC,2025
MarJon Beauchamp,2733720,LAC,2025
Kobe Brown,2533920,LAC,2025
Patty Mills,2087519,LAC,2025
Cam Christie,1157153,LAC,2025
Jordan Miller,1050000,LAC,2025
Joshua Primo,1000000,LAC,2025
Ben Simmons,755826,LAC,2025
LeBron James,48728845,LAL,2025
Luka Dončić,43031940,LAL,2025
Rui Hachimura,17000000,LAL,2025
Dorian Finney-Smith,14924167,LAL,2025
Austin Reaves,12976362,LAL,2025
Maxi Kleber,11000000,LAL,2025
Gabe Vincent,11000000,LAL,2025
Jarred Vanderbilt,10714286,LAL,2025
Dalton Knecht,3819120,LAL,2025
Christian Wood,3036040,LAL,2025
Shake Milton,2875000,LAL,2025
Jaxson Hayes,2463946,LAL,2025
Cam Reddish,2463946,LAL,2025
Markieff Morris,2087519,LAL,2025
Bronny James,1157153,LAL,2025
Alex Len,743829,LAL,2025
Jordan Goodwin,223718,LAL,2025
Ja Morant,36725670,MEM,2025
Desmond Bane,34005250,MEM,2025
Jaren Jackson,25257798,MEM,2025
Marvin Bagley,12500000,MEM,2025
Brandon Clarke,12500000,MEM,2025
Luke Kennard,9250000,MEM,2025
John Konchar,6165000,MEM,2025
Zach Edey,5756880,MEM,2025
Johnny Davis,5291160,MEM,2025
Santi Aldama,3960531,MEM,2025
Vince Williams,2120693,MEM,2025
Jay Huff,2088033,MEM,2025
Scotty Pippen,2087519,MEM,2025
Kennedy Chandler,2019699,MEM,2025
Gregory Jackson,1891857,MEM,2025
Jaylen Wells,1157153,MEM,2025
Mamadi Diakite,464050,MEM,2025
Lamar Stevens,383912,MEM,2025
Lamar Stevens,119972,MEM,2025
Lamar Stevens,119972,MEM,2025
Bam Adebayo,34848340,MIA,2025
Tyler Herro,29000000,MIA,2025
Andrew Wiggins,26276786,MIA,2025
Terry Rozier,24924126,MIA,2025
Duncan Robinson,19406000,MIA,2025
Kyle Anderson,8780488,MIA,2025
Davion Mitchell,6451077,MIA,2025
Haywood Highsmith,5200000,MIA,2025
Kel'el Ware,4231800,MIA,2025
Kevin Love,3850000,MIA,2025
Jaime Jaquez,3685800,MIA,2025
Nikola Jović,2464200,MIA,2025
Alec Burks,2087519,MIA,2025
Pelle Larsson,1157153,MIA,2025
Keshad Johnson,724883,MIA,2025
Giannis Antetokounmpo,48787676,MIL,2025
Damian Lillard,48787676,MIL,2025
Kyle Kuzma,24456061,MIL,2025
Brook Lopez,23000000,MIL,2025
Bobby Portis,12578286,MIL,2025
Pat Connaughton,9423869,MIL,2025
Kevin Porter,2366937,MIL,2025
A.J. Green,2120693,MIL,2025
Jericho Sims,2092344,MIL,2025
Taurean Prince,2087519,MIL,2025
Gary Trent,2087519,MIL,2025
Andre Jackson,1891857,MIL,2025
Chris Livingston,1891857,MIL,2025
Tyler Smith,1157153,MIL,2025
Ryan Rollins,491887,MIL,2025
Rudy Gobert,43827586,MIN,2025
Anthony Edwards,42176400,MIN,2025
Julius Randle,33073920,MIN,2025
Jaden McDaniels,23017242,MIN,2025
Naz Reid,13986432,MIN,2025
Donte DiVincenzo,11445000,MIN,2025
Mike Conley,9975962,MIN,2025
Rob Dillingham,6262920,MIN,2025
Nickeil Alexander-Walker,4312500,MIN,2025
Keita Bates-Diop,2654644,MIN,2025
Terrence Shannon,2546640,MIN,2025
Luka Garza,2162606,MIN,2025
Joe Ingles,2087519,MIN,2025
Josh Minott,2019699,MIN,2025
Leonard Miller,1891857,MIN,2025
PJ Dozier,1051255,MIN,2025
Jaylen Clark,492323,MIN,2025
Zion Williamson,36725670,NOP,2025
CJ McCollum,33333333,NOP,2025
Dejounte Murray,29517135,NOP,2025
Bruce Brown,23000000,NOP,2025
Herbert Jones,12976362,NOP,2025
Kelly Olynyk,12804878,NOP,2025
Trey Murphy,5159854,NOP,2025
Jordan Hawkins,4525680,NOP,2025
Yves Missi,3193200,NOP,2025
Jeremiah Robinson-Earl,2196970,NOP,2025
Jose Alvarado,1988598,NOP,2025
Javonte Green,1728488,NOP,2025
Karlo Matković,1407153,NOP,2025
Antonio Reeves,1157153,NOP,2025
Brandon Boston,596581,NOP,2025
Jaylen Nowell,278782,NOP,2025
Elfrid Payton,274809,NOP,2025
Elfrid Payton,119972,NOP,2025
Elfrid Payton,119972,NOP,2025
Mohamed Bamba,119972,NOP,2025
Kylor Kelley,66503,NOP,2025
Elfrid Payton,34351,NOP,2025
Kylor Kelley,6650,NOP,2025
Karl-Anthony Towns,49205800,NYK,2025
OG Anunoby,36637932,NYK,2025
Jalen Brunson,24960001,NYK,2025
Mikal Bridges,23300000,NYK,2025
Josh Hart,18144000,NYK,2025
Mitchell Robinson,14318182,NYK,2025
Precious Achiuwa,6000000,NYK,2025
Miles McBride,4710144,NYK,2025
Delon Wright,2087519,NYK,2025
Tyler Kolek,2087519,NYK,2025
Cameron Payne,2087519,NYK,2025
Pacome Dadiet,1808080,NYK,2025
Landry Shamet,1343690,NYK,2025
Ariel Hukporti,1064049,NYK,2025
Matt Ryan,621439,NYK,2025
P.J. Tucker,246833,NYK,2025
P.J. Tucker,119972,NYK,2025
P.J. Tucker,119972,NYK,2025
Shai Gilgeous-Alexander,35859950,OKC,2025
Isaiah Hartenstein,30000000,OKC,2025
Luguentz Dort,16500000,OKC,2025
Isaiah Joe,12991650,OKC,2025
Chet Holmgren,10880640,OKC,2025
Aaron Wiggins,10514017,OKC,2025
Alex Caruso,9890000,OKC,2025
Kenrich Williams,6669000,OKC,2025
Cason Wallace,5555880,OKC,2025
Ousmane Dieng,5027040,OKC,2025
Nikola Topić,4935960,OKC,2025
Jalen Williams,4775760,OKC,2025
Ajay Mitchell,3000000,OKC,2025
Dillon Jones,2622360,OKC,2025
Daniel Theis,2087519,OKC,2025
Jaylin Williams,2019699,OKC,2025
Kevin Porter,1000000,OKC,2025
Branden Carlson,365767,OKC,2025
Malevy Leons,126356,OKC,2025
Branden Carlson,65376,OKC,2025
Branden Carlson,65376,OKC,2025
Jonathan Isaac,25000000,ORL,2025
Kentavious Caldwell-Pope,22757000,ORL,2025
Cole Anthony,12900000,ORL,2025
Paolo Banchero,12160800,ORL,2025
Wendell Carter,11950000,ORL,2025
Moritz Wagner,11000000,ORL,2025
Jalen Suggs,9188385,ORL,2025
Goga Bitadze,9057971,ORL,2025
Anthony Black,7607760,ORL,2025
Gary Harris,7500000,ORL,2025
Franz Wagner,7007092,ORL,2025
Jett Howard,5278320,ORL,2025
Tristan Da Silva,3628440,ORL,2025
Cory Joseph,3303771,ORL,2025
Caleb Houstan,2019699,ORL,2025
Joel Embiid,51415938,PHI,2025
Paul George,49205800,PHI,2025
Tyrese Maxey,35147000,PHI,2025
Kelly Oubre,7983000,PHI,2025
Andre Drummond,5000000,PHI,2025
Quentin Grimes,4296682,PHI,2025
Jared McCain,4020360,PHI,2025
Eric Gordon,3303771,PHI,2025
Kyle Lowry,2087519,PHI,2025
Guerschon Yabusele,2087519,PHI,2025
Ricky Council,1891857,PHI,2025
Adem Bona,1157153,PHI,2025
Lonnie Walker,780932,PHI,2025
Jared Butler,745726,PHI,2025
Justin Edwards,425619,PHI,2025
Oshae Brissett,119972,PHI,2025
Chuma Okeke,119972,PHI,2025
Chuma Okeke,119972,PHI,2025
David Roddy,119972,PHI,2025
Colin Castleton,107027,PHI,2025
Phillip Wheeler,66503,PHI,2025
Marcus Bagley,66503,PHI,2025
Marcus Bagley,59853,PHI,2025
Isaiah Mobley,11997,PHI,2025
Kevin Durant,51179021,PHO,2025
Bradley Beal,50203930,PHO,2025
Devin Booker,49205800,PHO,2025
Grayson Allen,15625000,PHO,2025
Royce O'Neale,9375000,PHO,2025
Cody Martin,8120000,PHO,2025
Vasilije Micić,7723000,PHO,2025
Nick Richards,5000000,PHO,2025
Nassir Little,3107143,PHO,2025
Ryan Dunn,2530800,PHO,2025
Damion Lee,2087519,PHO,2025
Tyus Jones,2087519,PHO,2025
Mason Plumlee,2087519,PHO,2025
Monte Morris,2087519,PHO,2025
Bol Bol,2087519,PHO,2025
Oso Ighodaro,1157153,PHO,2025
E.J. Liddell,706898,PHO,2025
Deandre Ayton,34005126,POR,2025
Jerami Grant,29793104,POR,2025
Anfernee Simons,25892857,POR,2025
Deni Avdija,15625000,POR,2025
Robert Williams,12428571,POR,2025
Matisse Thybulle,11025000,POR,2025
Scoot Henderson,10259160,POR,2025
Donovan Clingan,6836400,POR,2025
Shaedon Sharpe,6614160,POR,2025
Kris Murray,2990040,POR,2025
Dalano Banton,2196970,POR,2025
Duop Reath,2048780,POR,2025
Jabari Walker,2019699,POR,2025
Toumani Camara,1891857,POR,2025
Rayan Rupert,1891857,POR,2025
Eric Bledsoe,1300000,POR,2025
Marcos Louzada Silva,268032,POR,2025
Zach LaVine,44531940,SAC,2025
Domantas Sabonis,40500000,SAC,2025
DeMar DeRozan,23400000,SAC,2025
Malik Monk,17405203,SAC,2025
Jonas Valančiūnas,9900000,SAC,2025
Keegan Murray,8809560,SAC,2025
Trey Lyles,8000000,SAC,2025
Devin Carter,4689000,SAC,2025
Jake LaRavia,3352680,SAC,2025
Keon Ellis,2120693,SAC,2025
Doug McDermott,2087519,SAC,2025
Jae Crowder,1655619,SAC,2025
Orlando Robinson,959779,SAC,2025
Markelle Fultz,731831,SAC,2025
Isaac Jones,152957,SAC,2025
Daishen Nix,119972,SAC,2025
Skal Labissière,119972,SAC,2025
Terry Taylor,119972,SAC,2025
Terence Davis,64301,SAC,2025
De'Aaron Fox,34848340,SAS,2025
Devin Vassell,29347826,SAS,2025
Keldon Johnson,19000000,SAS,2025
Harrison Barnes,18000000,SAS,2025
Victor Wembanyama,12768960,SAS,2025
Chris Paul,10460000,SAS,2025
Stephon Castle,9105120,SAS,2025
Jeremy Sochan,5570040,SAS,2025
Jalen McDaniels,4741800,SAS,2025
Malaki Branham,3217920,SAS,2025
Julian Champagnie,3000000,SAS,2025
Blake Wesley,2624280,SAS,2025
Patrick Baldwin,2448840,SAS,2025
Jordan McLaughlin,2087519,SAS,2025
Charles Bassey,2087519,SAS,2025
Sandro Mamukelashvili,2087519,SAS,2025
Bismack Biyombo,503884,SAS,2025
Bismack Biyombo,143967,SAS,2025
Bismack Biyombo,143967,SAS,2025
Brandon Ingram,36016200,TOR,2025
Immanuel Quickley,32500000,TOR,2025
RJ Barrett,25794643,TOR,2025
Jakob Poeltl,19500000,TOR,2025
P.J. Tucker,11539000,TOR,2025
Chris Boucher,10810000,TOR,2025
Scottie Barnes,10130980,TOR,2025
Gradey Dick,4763760,TOR,2025
Ochai Agbaji,4310280,TOR,2025
Ja'Kobe Walter,3465000,TOR,2025
James Wiseman,2237691,TOR,2025
Garrett Temple,2087519,TOR,2025
Jamal Shead,1862265,TOR,2025
Jonathan Mogbo,1862265,TOR,2025
Bruno Fernando,1115128,TOR,2025
Jamison Battle,1000000,TOR,2025
Orlando Robinson,491887,TOR,2025
Cole Swider,119972,TOR,2025
Eugene Omoruyi,119972,TOR,2025
Orlando Robinson,119972,TOR,2025
Orlando Robinson,119972,TOR,2025
Jared Rhoden,119972,TOR,2025
Cole Swider,107975,TOR,2025
Colin Castleton,107027,TOR,2025
Colin Castleton,107027,TOR,2025
A.J. Lawson,100000,TOR,2025
Colin Castleton,100000,TOR,2025
Javon Freeman-Liberty,100000,TOR,2025
Lauri Markkanen,42176400,UTA,2025
John Collins,26580000,UTA,2025
Collin Sexton,18350000,UTA,2025
Jordan Clarkson,14092577,UTA,2025
KJ Martin,7975000,UTA,2025
Taylor Hendricks,5848680,UTA,2025
Cody Williams,5469120,UTA,2025
Keyonte George,4084200,UTA,2025
Jalen Hood-Schifino,3879840,UTA,2025
Svi Mykhailiuk,3500000,UTA,2025
Johnny Juzang,3087519,UTA,2025
Josh Richardson,3051153,UTA,2025
Kyle Filipowski,3000000,UTA,2025
Walker Kessler,2965920,UTA,2025
Brice Sensabaugh,2571480,UTA,2025
Isaiah Collier,2512680,UTA,2025
Russell Westbrook,2327525,UTA,2025
Mohamed Bamba,2087519,UTA,2025
Jaden Springer,634437,UTA,2025
Jaden Springer,119972,UTA,2025
Khris Middleton,31000000,WAS,2025
Jordan Poole,29651786,WAS,2025
Malcolm Brogdon,22500000,WAS,2025
Marcus Smart,20210284,WAS,2025
Richaun Holmes,12648321,WAS,2025
Alex Sarr,11245680,WAS,2025
Bilal Coulibaly,6945240,WAS,2025
Saddiq Bey,6440678,WAS,2025
Corey Kispert,5705887,WAS,2025
Bub Carrington,4454880,WAS,2025
Kyshawn George,2825520,WAS,2025
AJ Johnson,2795294,WAS,2025
Anthony Gill,2237691,WAS,2025
Colby Jones,2120693,WAS,2025
Alex Len,2087519,WAS,2025
Reggie Jackson,2087519,WAS,2025
Sidy Cissoko,1891857,WAS,2025
Justin Champagnie,1800000,WAS,2025
Ryan Rollins,600000,WAS,2025
Jaylen Nowell,167961,WAS,2025
Jalen McDaniels,119972,WAS,2025
Erik Stevenson,66503,WAS,2025
